-- MySQL dump 10.13  Distrib 8.0.15, for Win64 (x86_64)
--
-- Host: localhost    Database: yoke
-- ------------------------------------------------------
-- Server version	8.0.15

/*!40101 SET @OLD_CHARACTER_SET_CLIENT=@@CHARACTER_SET_CLIENT */;
/*!40101 SET @OLD_CHARACTER_SET_RESULTS=@@CHARACTER_SET_RESULTS */;
/*!40101 SET @OLD_COLLATION_CONNECTION=@@COLLATION_CONNECTION */;
 SET NAMES utf8mb4 ;
/*!40103 SET @OLD_TIME_ZONE=@@TIME_ZONE */;
/*!40103 SET TIME_ZONE='+00:00' */;
/*!40014 SET @OLD_UNIQUE_CHECKS=@@UNIQUE_CHECKS, UNIQUE_CHECKS=0 */;
/*!40014 SET @OLD_FOREIGN_KEY_CHECKS=@@FOREIGN_KEY_CHECKS, FOREIGN_KEY_CHECKS=0 */;
/*!40101 SET @OLD_SQL_MODE=@@SQL_MODE, SQL_MODE='NO_AUTO_VALUE_ON_ZERO' */;
/*!40111 SET @OLD_SQL_NOTES=@@SQL_NOTES, SQL_NOTES=0 */;

--
-- Table structure for table `admins`
--

DROP TABLE IF EXISTS `admins`;
/*!40101 SET @saved_cs_client     = @@character_set_client */;
 SET character_set_client = utf8mb4 ;
CREATE TABLE `admins` (
  `admin_id` int(11) NOT NULL AUTO_INCREMENT,
  `account` varchar(20) DEFAULT NULL,
  `password` varchar(20) DEFAULT NULL,
  PRIMARY KEY (`admin_id`)
) ENGINE=InnoDB AUTO_INCREMENT=102 DEFAULT CHARSET=utf8;
/*!40101 SET character_set_client = @saved_cs_client */;

--
-- Dumping data for table `admins`
--

LOCK TABLES `admins` WRITE;
/*!40000 ALTER TABLE `admins` DISABLE KEYS */;
INSERT INTO `admins` VALUES (1,'80460','00A848'),(2,'19222','KWUQ7'),(3,'86849','4'),(4,'08276','T3NO40JEX'),(5,'23003','3L'),(6,'68767','Q8S'),(7,'47864','I'),(8,'44963','15W45'),(9,'15878','75I'),(10,'40093','527T'),(11,'75351','R7'),(12,'34115','D8'),(13,'89169','0'),(14,'37957','X'),(15,'05398','E9'),(16,'69532','DL2Q507C026274'),(17,'93261','Y'),(18,'76457','7E8W7RH'),(19,'33589','CC5M970G'),(20,'32014','3PJQO10XA'),(21,'88231','4X'),(22,'16874','306P'),(23,'01414','44GU1J34'),(24,'51627','HN4'),(25,'82218','N3USVDC'),(26,'38423','UE7230Q'),(27,'55629','K'),(28,'76086','C'),(29,'96465','ZD65Y4N545KJ2I'),(30,'24936','1A'),(31,'85820','26'),(32,'48781','9XWQ'),(33,'84404','375'),(34,'62008','M4U0E'),(35,'94299','85J6W'),(36,'47426','5W4C'),(37,'63555','L4223'),(38,'09892','I7H'),(39,'03167','DXG'),(40,'93063','4MZ3F49'),(41,'43815','I'),(42,'17692','I'),(43,'70076','S'),(44,'22225','Y'),(45,'99070','9'),(46,'62888','NB4RU8V'),(47,'45043','XGE9409'),(48,'70580','ZWCF8'),(49,'02368','X4544S'),(50,'84763','P0V27'),(51,'04715','SS43'),(52,'94432','4'),(53,'81002','9RG530'),(54,'78688','I'),(55,'92048','8LW73NN103'),(56,'24810','P'),(57,'65056','K'),(58,'14130','2'),(59,'03644','6'),(60,'87981','1F7Q918750Q4'),(61,'75045','9SXI353'),(62,'51063','FTI'),(63,'29407','F7UN'),(64,'61954','F'),(65,'17247','1Y'),(66,'14178','CK'),(67,'44786','1Z89L207Y4'),(68,'22233','F2D3O6E'),(69,'00390','MT4P'),(70,'29689','K'),(71,'83739','3W'),(72,'37286','A6G'),(73,'21940','II4964'),(74,'42108','54I6H8130VZ'),(75,'80565','ZD20V'),(76,'99879','V6I54'),(77,'09086','X8K9'),(78,'03823','NB1S'),(79,'58655','20'),(80,'01834','Q'),(81,'32286','9VPS9'),(82,'66909','M70'),(83,'33765','Y4'),(84,'76541','0'),(85,'09574','J'),(86,'68578','K8034857428V0M'),(87,'55474','S8'),(88,'82635','IT330O'),(89,'86309','1'),(90,'79535','H396'),(91,'71462','35QC'),(92,'16402','QEAX49'),(93,'12509','EH'),(94,'49104','211YJ'),(95,'89936','L4'),(96,'87405','HL4G3'),(97,'15229','6K'),(98,'76795','8C'),(99,'13520','T65HA'),(100,'14620','1GH0'),(101,'123','123');
/*!40000 ALTER TABLE `admins` ENABLE KEYS */;
UNLOCK TABLES;

--
-- Table structure for table `answe_report`
--

DROP TABLE IF EXISTS `answe_report`;
/*!40101 SET @saved_cs_client     = @@character_set_client */;
 SET character_set_client = utf8mb4 ;
CREATE TABLE `answe_report` (
  `answer_report_reason` varchar(300) DEFAULT NULL,
  `answer_report_id` int(11) NOT NULL AUTO_INCREMENT,
  `ID` varchar(40) DEFAULT NULL,
  `answer_id` int(11) DEFAULT NULL,
  `answer_report_timr` varchar(30) DEFAULT NULL,
  `answer_report_ishandle` tinyint(1) DEFAULT NULL,
  PRIMARY KEY (`answer_report_id`),
  KEY `FK_Relationship_11` (`answer_id`),
  KEY `FK_report_answer` (`ID`),
  CONSTRAINT `FK_Relationship_11` FOREIGN KEY (`answer_id`) REFERENCES `answer` (`answer_id`) ON DELETE RESTRICT ON UPDATE RESTRICT,
  CONSTRAINT `FK_report_answer` FOREIGN KEY (`ID`) REFERENCES `user` (`ID`) ON DELETE RESTRICT ON UPDATE RESTRICT
) ENGINE=InnoDB AUTO_INCREMENT=101 DEFAULT CHARSET=utf8;
/*!40101 SET character_set_client = @saved_cs_client */;

--
-- Dumping data for table `answe_report`
--

LOCK TABLES `answe_report` WRITE;
/*!40000 ALTER TABLE `answe_report` DISABLE KEYS */;
INSERT INTO `answe_report` VALUES ('WCC04WA7S7',1,'ID081',74,'JK1',0),('0',2,'ID072',60,'E7U',1),('J6O3',3,'ID090',21,'KXI020499C3',1),('9DFL85',4,'ID070',78,'L1XC',0),('PU77823H9ANM99OGB5ES6S4Q',5,'ID031',34,'DT3589R8',1),('B5D',6,'ID048',14,'A',1),('9XG60409V1K3M743UQHIWV62TA7W7',7,'ID067',63,'3Q',0),('278LVW9D02EJZC5016J29XU287',8,'ID089',89,'683',1),('N8G8H737987',9,'ID002',12,'0846YQ',1),('1K9B7192931C56ZADG',10,'ID021',20,'V',1),('818DQ16QY1OU1GE6YL0K5B08C75Z79',11,'ID077',8,'498J6UH',0),('03Q1P3RMQK',12,'ID000',4,'K9',1),('1N721N62J',13,'ID043',81,'W61M31M43A80W',1),('R011HR8810360F607A',14,'ID055',77,'2K742',0),('942NUFQ6TVQV3',15,'ID080',79,'SJG',1),('ROW2DRZ2005J',16,'ID096',33,'15WK8T67',1),('0YK98Y0TCG9S67X89G0N4C5YM0I6K31V0688',17,'ID049',26,'7253X3',0),('S7U1LCSGK2CH698W937ISU648FJ9AGBQ7GY16Y4',18,'ID041',88,'C20206',1),('NXVP6UL3M2L2CE68XAU3V20D14NW',19,'ID097',83,'WQ1',0),('APL04NYT69A6008VA8N54161HN',20,'ID010',13,'9D2VY',1),('A0WS7Q9',21,'ID033',28,'C568N45PIG',1),('UI25M7',22,'ID073',2,'RU',1),('3LS9PY',23,'ID005',36,'7X',1),('75I922893D25Z',24,'ID057',97,'B',0),('4M46S3B0P0ZB1RJ',25,'ID065',93,'39F',0),('8X545D5K8HVZ764159',26,'ID017',76,'0RPB',0),('Q1SU2117L42R0WF736HUY36OKBNTNBR0DTY2BU14OD317TT5WHV8M158VLMMMR9CMQ45V07C276386A8QFR84AX9VZ977W7P3MJF68W4CGXAQ5KUB5GU2G0MM4OAUQI06ISX316J6DST11Y7VRR35IZ0FQ9K621K9846QJ2TYKFF3K860BJXL85812NT03SL228846JPNYKS99M1K0',27,'ID010',91,'C',0),('J3HNMGZWO710112I5741',28,'ID021',7,'50',0),('A3T642GTLZ',29,'ID089',57,'SNUKX',1),('7313WR1OKMJ45Q6K',30,'ID037',62,'6X',0),('E3',31,'ID032',15,'Z844H5357Z68670F2',0),('KZ4D',32,'ID073',10,'BB1',0),('Q4T',33,'ID057',83,'9ZP7',1),('8VP26XB046O7645NUV53LFNZ952E622N1WXI7GM39AMP50M',34,'ID051',85,'PA33Z2C1K7Y0EJ7',1),('KBOCNBSC62352F9DLC97131EY1ZL9QR6322N9UC8EGJY0KS60',35,'ID048',94,'G',1),('20NS9433EMA5UB0BN81',36,'ID094',56,'2',0),('G95P939W2V12X82K98TS38M8L25Y9YJ9G98TJFSP47PVU',37,'ID053',89,'D3WPF1870',0),('397K',38,'ID061',99,'92VE',0),('2AP1LJ4',39,'ID048',48,'56S94',0),('5',40,'ID065',6,'S7QQ',1),('349WK7BAK65OPSO74NO2ILVSTKB6FY9ER6D61EHC094HHF34036',41,'ID061',18,'7S00',1),('B632I1319GBS',42,'ID029',77,'U2V4I3HJ1',1),('M35XNE',43,'ID023',73,'0Z0PZ',1),('44XQ281UA2HUX4XBDJP5QV',44,'ID010',90,'47CCJ',1),('N6V4VDE8901GTX81NB6P74W04',45,'ID036',65,'B393N3',0),('0DPNAYN609Z0OSR374L49S92',46,'ID021',38,'79',0),('52C3IL9FZ4CSP161VYRBU5I5UGS56Q229838J50X5',47,'ID044',49,'XS5YG',1),('F3',48,'ID055',91,'8IO8X3',1),('70TOY9VN0BF',49,'ID095',17,'UCNSYJI7JTB7',1),('BE954LKB1110U3BW',50,'ID038',72,'S3S25B4C8B2C10',1),('4Z8624C3NRSN22ZFOIO289EXMG7Y371A0T22ZFEG43DQ15UTVA660GMP65XY277D4S91A0GS',51,'ID091',77,'W',0),('IY7233O4T5O7US6K70',52,'ID087',55,'VLFM1I6D',0),('4OC213Q',53,'ID062',85,'U78N99C48EM150C9',1),('6HZ1POJQ9554GTBB57CDGY41T5R2YL',54,'ID073',25,'4I0NLD7198',0),('G7Z425610D',55,'ID071',77,'V',0),('62476',56,'ID012',65,'V28Q9T19B375',1),('Y14H7GKAC197886VA6Q5B',57,'ID064',51,'C4',1),('6FE50FFSA97',58,'ID003',21,'5RWB6SNZ822F6553HV5ZR5NCU72',1),('XHXQBO4II89398US',59,'ID006',40,'KE6',1),('OTDN0577Y116EERL5112OL2T98493FCV429S91ZS664J2S89N21675EHUR9X',60,'ID052',64,'90336ZID8IUDDO9G759W',1),('7DNH5RH2KJ11ZR288966',61,'ID086',5,'5ITJC0JTOWFM8DKS8O7H2G2B0',0),('B7G4C03R4F',62,'ID085',99,'L1X113EAPI982',0),('5598EADTH31HI8R',63,'ID007',76,'A',1),('4C558LH927J4KD9U0PH1T2PP8N382',64,'ID012',41,'LJ7878',0),('K6F64QRJK73S308KM3A8FF2328L27Y00CR8T8W1URP47JQ410N792KY4D622D27V8RZD5ABK37QG26J5KN',65,'ID090',82,'58',1),('Y8V2KIUO7E00ME5Q',66,'ID086',75,'6GR09FZD7X2H8',0),('X1',67,'ID085',90,'5',0),('L4IWIOXL95A20Q006',68,'ID009',79,'KN502949VKIT',0),('2W3BELC787AKP5I780N',69,'ID097',22,'JG14U7OOPUV04D',1),('V715QQ',70,'ID007',83,'U1DBBE',0),('3L2464G6V7611JG1586D1093H5PV9GD6V06TAM5D',71,'ID021',44,'H',0),('6965Y2CT2',72,'ID094',45,'1S9EMJ57AG',0),('1M27I8Z8V7CTZCRYS7Q108G7LUGO7B53P9',73,'ID049',11,'Q1204DCC0',0),('616E6JVU92C468BT4',74,'ID052',99,'5CUQRU6O1Q0',0),('G5A26VT6GSI53EGR4E5',75,'ID028',69,'I',1),('76J1',76,'ID043',74,'5',0),('X97D',77,'ID057',42,'2LLY',1),('22753A1ISWFF50K',78,'ID007',17,'5',0),('4141S58VYW1R0410JJ342W86',79,'ID039',49,'0',0),('U6EQ7283BGZ45A13L8954',80,'ID025',43,'L32X7',1),('V2',81,'ID055',43,'Q',0),('0914R75Z6',82,'ID023',26,'SC5P',1),('1',83,'ID038',75,'H38I0',0),('A358QHS9081254Y678T011X1V4M41ALSFLT331',84,'ID097',17,'K',0),('P33QJLE773T1390U',85,'ID070',37,'UC285QKKW25K4F82HE5UO7W963AX84',1),('50O1T1HB399KM854',86,'ID050',94,'OK0',1),('Y2USG8G4K7S202X7X0DQCVB9X92WN9UMG93M5GBZ2CLI054346MXS1XX3',87,'ID031',24,'1X1Q',0),('92K0HR74H',88,'ID045',41,'B',1),('02RI4WTGETP10ZO14',89,'ID081',57,'8Z81J',1),('3MBIF59TQ2MKHTIJ3PX8J798U7',90,'ID057',23,'JBFUA7261G4ZM7',0),('I841Y58J4X9I9O73',91,'ID047',33,'04',0),('HS07TXK2NUWV0CL09V8M0RN550XROE79XQ1KX',92,'ID076',69,'8SV',1),('XEQVMG85E07P7OM',93,'ID030',38,'5VCTJ9AQ8',0),('WX469L277TG4T8O5',94,'ID095',90,'7GL7',1),('A0M11',95,'ID051',17,'MY5',1),('IE37S8W4U7Z3L17N5451OM748Q25XYM4',96,'ID061',81,'90',1),('34F89383C5V0P61X041W7729Q531W2297WM0WJ',97,'ID051',72,'3JP7F20A083',0),('16W00GWXQ7L54VJ8HG',98,'ID052',24,'FYOA90333YO8672LBS',0),('70S8ZYS9D2',99,'ID092',91,'FG',1),('19V7JC2UYCI907HG',100,'ID043',34,'ET74B6E05S',1);
/*!40000 ALTER TABLE `answe_report` ENABLE KEYS */;
UNLOCK TABLES;

--
-- Table structure for table `answer`
--

DROP TABLE IF EXISTS `answer`;
/*!40101 SET @saved_cs_client     = @@character_set_client */;
 SET character_set_client = utf8mb4 ;
CREATE TABLE `answer` (
  `answer_id` int(11) NOT NULL AUTO_INCREMENT,
  `ID` varchar(40) DEFAULT NULL,
  `question_id` int(11) DEFAULT NULL,
  `answer_content` varchar(500) DEFAULT NULL,
  `answer_time` varchar(30) DEFAULT NULL,
  `answer_isbanned` tinyint(1) DEFAULT NULL,
  `answer_praise_point` int(11) DEFAULT NULL,
  PRIMARY KEY (`answer_id`),
  KEY `FK_Relationship_34` (`ID`),
  KEY `FK_Relationship_5` (`question_id`),
  CONSTRAINT `FK_Relationship_34` FOREIGN KEY (`ID`) REFERENCES `user` (`ID`) ON DELETE RESTRICT ON UPDATE RESTRICT,
  CONSTRAINT `FK_Relationship_5` FOREIGN KEY (`question_id`) REFERENCES `question` (`question_id`) ON DELETE RESTRICT ON UPDATE RESTRICT
) ENGINE=InnoDB AUTO_INCREMENT=101 DEFAULT CHARSET=utf8;
/*!40101 SET character_set_client = @saved_cs_client */;

--
-- Dumping data for table `answer`
--

LOCK TABLES `answer` WRITE;
/*!40000 ALTER TABLE `answer` DISABLE KEYS */;
INSERT INTO `answer` VALUES (1,'ID052',57,'WX2706O1H','7782C8',0,-2121765141),(2,'ID022',78,'VS83MC9P3BR3','B8',0,-880097896),(3,'ID017',27,'BMO478045Y6J','7X1465A',0,-460715356),(4,'ID041',45,'PKAMW7','O',1,-1934848011),(5,'ID019',51,'4519DA94937Y','EX9BT4SC',1,-202577005),(6,'ID095',78,'HDH669073','UB3L1',1,-1656423974),(7,'ID029',21,'VI8','83RV',0,-648441972),(8,'ID067',23,'WGF2CT1','H4S721',1,-1497063034),(9,'ID068',42,'67OP02GLO21C65K59VKY','JC71',1,-53),(10,'ID046',61,'K3','68QI94TW5',0,-29),(11,'ID088',54,'BMBDRDD37M3','15NK8',1,-1187139894),(12,'ID002',37,'6V','B5V0',0,-483957992),(13,'ID026',8,'0606','D82I',1,-42747648),(14,'ID060',21,'140RSAL5G2SCEU73569626','U',0,5),(15,'ID059',42,'7DCJKEHT8F6K9L9XY2C','AT',0,-1537237649),(16,'ID068',53,'P','N',0,-1987853156),(17,'ID001',5,'3V5AD33AM49T56D','3N',0,-5),(18,'ID033',24,'T3Q090Y4L2A746E86P20S082YAMFBQGW2223LCIN39G9Z263S47S2I53VHC863GM253F59Y4FL7Q8538XX79A','YN',1,-7517),(19,'ID078',83,'BK59QYV47K7EC47NY3F1D5868JJ1704KA6','B1J842NH3VM9EZI41K362Y',0,-54044699),(20,'ID023',83,'F2Z25','HCZ9W09IH63MN2CHL',0,-1501991829),(21,'ID013',4,'E26Z1L06B9B25Z508','B1',1,-21961294),(22,'ID009',82,'DDO6BGBWU9','0C',0,-1095589246),(23,'ID082',22,'2P34415U','Q',0,-647106053),(24,'ID011',23,'E7U0','2QW1R',1,-454817415),(25,'ID014',97,'V913MI7SDE567O5E2R7VQED78Z14VY4','6',1,-880038450),(26,'ID033',63,'4T4W181ROM6QYFIH2BJNNWZB273VX2P70Q9K62WBU2466W3C6367P','XV9NDBN5MQNA6N',1,-741),(27,'ID031',41,'J3V5H9W24B4LA8NL2RX1P61D6CU','FP3MW1',1,-1105939101),(28,'ID019',40,'2Q30YKXVJ3FV46','EF897LN7',1,-854885777),(29,'ID083',87,'T310QYU4L5R54XDPY391M0GYE6','YI2452P547',0,32),(30,'ID085',47,'C0C4','42Y',1,-1822584775),(31,'ID004',63,'ALNC5M3011S0Y0F6Q8C','D6V5',0,-551412799),(32,'ID065',46,'3T159','3VHZ',0,-1920939769),(33,'ID007',69,'H0','P9YU',0,-1119333885),(34,'ID093',78,'R889GK066','39Y',1,-5),(35,'ID059',69,'377KS730T85B2929V03','N',1,-585),(36,'ID071',69,'XXDRIAY4G6VJ3FSJ','393JM7ERD2C2',0,-945),(37,'ID000',4,'93EHKR1BTZOZJG91UUY6APKK30S','X0',1,-615162102),(38,'ID090',20,'89I971','M70S7',1,-2130894774),(39,'ID062',93,'41D92','DROE92LO0858R76XG67',1,-681187666),(40,'ID040',1,'F0M5G310L86C8GK','43I30',1,-605601880),(41,'ID054',20,'8LWJZUL9569U7MTSACFVY9SNE808659','56LB1',0,-746),(42,'ID079',67,'WM4XEXK0J4N044','VURH1XHWG13N3J7',0,-51034081),(43,'ID002',12,'I4438N5ZY1U4ZGC48525AJF','J2H384YV692S',1,-128941461),(44,'ID093',65,'2FE81J41N37','KTJM2Y0GRPI32O53',0,-1614391625),(45,'ID053',54,'887YAI33SBNU3RIK011VTY','IPM4L53F0',1,-9560223),(46,'ID024',97,'2MHR','5ZVA',1,-1799135639),(47,'ID083',8,'V1XCURJ6W109KN9I9N30060S','408M0BPX32B7VJ6HQ599CM6Q6',0,-1694131510),(48,'ID085',98,'7933HOEA1FV56IE1YO93R7K251D83897D2V8VV1DJ5PP6Z28R4','023C2X5UW6V',0,432),(49,'ID042',52,'9LQQ5E35813','72KS091E860F',0,-1098465597),(50,'ID023',17,'R73PL','V2',0,-41473859),(51,'ID045',43,'88062ZV9MY763285577J33HFHL58X38IU7V17A','MR',0,-477289470),(52,'ID077',44,'1A3C6F27IRECRBN0Y','0Y2J',0,-2067743763),(53,'ID010',21,'5869FQTI0Y8MSA7TMM6K90F9A4V4F','GW91',0,-97),(54,'ID022',98,'5L0I8HG384GF9F375390B5','8W5H99YU',1,-165689455),(55,'ID097',35,'5968Y928D51T43K0EV722FV','0I0X',0,1),(56,'ID049',54,'29YKIN5918V0POTX17RZ4V0WO','6CWYH1',0,-95),(57,'ID048',23,'X1M7UO3L01O9Q677DCIX4555DR4Y2I2LFF9','415156VHWCHBF',1,-784677959),(58,'ID017',87,'N126F','93497T65536666U9W632V2WTH',1,-395805104),(59,'ID056',57,'BXTWX74BZUITE25A2','39973W',1,-1311037951),(60,'ID025',89,'L9I4W575S76PQ3D7850V58T1CULP6EXSK772BR04YN46XK91AZK07N0F9I4B075WK','9',0,-640650361),(61,'ID070',17,'XH1P521GW27D218EYVV5835T3UPS69','B5P',0,-904511356),(62,'ID059',25,'3Z22N8P','MH3P6509',0,-1087220298),(63,'ID067',4,'38Z598KR5J5','Z',0,8321),(64,'ID020',70,'66N','ZP462',1,-1401127953),(65,'ID003',14,'A0K35HG4080K626J2O18O8U289D5R18EZ9570BI904F5I9124537G3MTI75U80OJCG6JEP66Z64ADG82Q1RLS1T474OM6FDM1U6D','3RJJ2S3U5C',1,-144027599),(66,'ID094',58,'61SBJ','35S3R33I2P7',0,-1638777396),(67,'ID076',60,'0WK996OFN7DHP2K2VAC6A2','56H6QY16A0439',0,-223817654),(68,'ID099',65,'44','Z6',1,-1651330711),(69,'ID010',84,'469330CDH2B5LA87','N1L597',0,2),(70,'ID053',88,'C8G3D5','Q',0,680),(71,'ID024',59,'F9S0J46GCC8VO7584DT5868N7B540','EDP1CYX6IXL2044',1,-1461168995),(72,'ID059',62,'31US','E316NV3',1,-2059002245),(73,'ID015',45,'9DFJ51','9971ZU5G1VKP57',1,-159722025),(74,'ID036',11,'7Z6O','PV5',0,-1008038882),(75,'ID071',28,'F79LCRNHS910','U48',1,-2157),(76,'ID011',30,'0P1OOGPB43ZM53VF','YVJ1LJEDGG5D8',0,-630392018),(77,'ID092',93,'PBD4','W3WUYMNA1',1,-1298867278),(78,'ID041',82,'WV28H06WGV22RD0541GD11D400S7B48K7PCZ9U1MM1FNKN3ERJ37B0D1185C686RXNOD0B6G898ILS5','732NE0YH20',0,-2020757534),(79,'ID076',93,'79K78KOHLZV7','6FDT8I44',1,-453130114),(80,'ID007',29,'7P19VUNN0','N4N74318',0,-1995099478),(81,'ID070',18,'NC03BNF','4619118P942',1,-1870736554),(82,'ID072',75,'031G99OZY','3YR3U',0,-1838082839),(83,'ID038',99,'2VG516N8991PJI908','P1I509NOM3',0,-1295702972),(84,'ID027',86,'R72W8N34Q136T5','XANIJM',0,4419),(85,'ID007',18,'EG','WF0BI',1,-1451251448),(86,'ID035',51,'6','0V5290585011ZS',1,-150020981),(87,'ID019',5,'259V11W5','UYD093EQ7OKT',0,-762530923),(88,'ID003',95,'8HKLE13P9JQ2048ZDCJHV673Y6JYT6C9994R3MK45EB2FT38K','2Z7ZKTW',0,-40),(89,'ID062',30,'808XB6','U29W383',1,-1032122874),(90,'ID011',61,'9OTS5','V',1,-311922864),(91,'ID029',44,'I605Z703','61',0,-598301664),(92,'ID089',66,'VD8BDBY80WR46XACS3O6QLNMJ1BK2GAJ38DFO7Q166UNYWK61X332G9B','4Q195R',1,-1562214630),(93,'ID037',73,'N1QV89I9G4688X','FK0U5',0,-751854942),(94,'ID099',1,'55MRPV','P',1,-1679085592),(95,'ID034',9,'N4609OT205','U6QN',0,-748811606),(96,'ID086',81,'N599','3OC3',1,3811),(97,'ID096',74,'1YL18N','MN289',1,-1617391892),(98,'ID053',32,'OHTVC0Y2609YB','MU',1,24),(99,'ID080',27,'B9','67J163',0,503),(100,'ID023',42,'36WC','8',1,-476492881);
/*!40000 ALTER TABLE `answer` ENABLE KEYS */;
UNLOCK TABLES;

--
-- Table structure for table `answer_praise`
--

DROP TABLE IF EXISTS `answer_praise`;
/*!40101 SET @saved_cs_client     = @@character_set_client */;
 SET character_set_client = utf8mb4 ;
CREATE TABLE `answer_praise` (
  `answer_praise_id` int(11) NOT NULL AUTO_INCREMENT,
  `ID` varchar(40) DEFAULT NULL,
  `answer_id` int(11) DEFAULT NULL,
  PRIMARY KEY (`answer_praise_id`),
  KEY `FK_Relationship_29` (`ID`),
  KEY `FK_Relationship_30` (`answer_id`),
  CONSTRAINT `FK_Relationship_29` FOREIGN KEY (`ID`) REFERENCES `user` (`ID`) ON DELETE RESTRICT ON UPDATE RESTRICT,
  CONSTRAINT `FK_Relationship_30` FOREIGN KEY (`answer_id`) REFERENCES `answer` (`answer_id`) ON DELETE RESTRICT ON UPDATE RESTRICT
) ENGINE=InnoDB AUTO_INCREMENT=101 DEFAULT CHARSET=utf8;
/*!40101 SET character_set_client = @saved_cs_client */;

--
-- Dumping data for table `answer_praise`
--

LOCK TABLES `answer_praise` WRITE;
/*!40000 ALTER TABLE `answer_praise` DISABLE KEYS */;
INSERT INTO `answer_praise` VALUES (1,'ID071',96),(2,'ID000',44),(3,'ID076',26),(4,'ID071',83),(5,'ID088',28),(6,'ID079',5),(7,'ID095',23),(8,'ID037',85),(9,'ID066',96),(10,'ID095',82),(11,'ID047',89),(12,'ID015',63),(13,'ID052',58),(14,'ID009',78),(15,'ID042',57),(16,'ID096',73),(17,'ID072',97),(18,'ID057',76),(19,'ID031',32),(20,'ID044',88),(21,'ID050',49),(22,'ID085',78),(23,'ID007',87),(24,'ID061',13),(25,'ID023',82),(26,'ID076',75),(27,'ID033',99),(28,'ID064',6),(29,'ID061',54),(30,'ID070',56),(31,'ID001',20),(32,'ID093',51),(33,'ID066',44),(34,'ID058',12),(35,'ID006',4),(36,'ID033',87),(37,'ID043',95),(38,'ID039',4),(39,'ID055',31),(40,'ID083',20),(41,'ID024',94),(42,'ID013',1),(43,'ID008',27),(44,'ID099',40),(45,'ID002',87),(46,'ID084',81),(47,'ID046',75),(48,'ID096',64),(49,'ID057',36),(50,'ID024',62),(51,'ID011',82),(52,'ID098',22),(53,'ID062',1),(54,'ID000',28),(55,'ID075',33),(56,'ID086',27),(57,'ID048',55),(58,'ID047',93),(59,'ID001',62),(60,'ID067',75),(61,'ID003',58),(62,'ID013',75),(63,'ID083',60),(64,'ID005',94),(65,'ID015',26),(66,'ID093',14),(67,'ID046',54),(68,'ID069',35),(69,'ID099',9),(70,'ID082',66),(71,'ID043',18),(72,'ID023',58),(73,'ID025',63),(74,'ID084',95),(75,'ID002',15),(76,'ID091',54),(77,'ID051',84),(78,'ID074',100),(79,'ID024',89),(80,'ID081',83),(81,'ID033',70),(82,'ID057',28),(83,'ID014',95),(84,'ID016',12),(85,'ID039',27),(86,'ID040',84),(87,'ID096',65),(88,'ID008',80),(89,'ID099',34),(90,'ID077',75),(91,'ID044',98),(92,'ID005',31),(93,'ID007',24),(94,'ID046',49),(95,'ID050',65),(96,'ID047',2),(97,'ID033',31),(98,'ID046',21),(99,'ID092',35),(100,'ID003',94);
/*!40000 ALTER TABLE `answer_praise` ENABLE KEYS */;
UNLOCK TABLES;

--
-- Table structure for table `class_segments`
--

DROP TABLE IF EXISTS `class_segments`;
/*!40101 SET @saved_cs_client     = @@character_set_client */;
 SET character_set_client = utf8mb4 ;
CREATE TABLE `class_segments` (
  `classroom` varchar(30) DEFAULT NULL,
  `begin_sec` int(11) DEFAULT NULL,
  `end_sec` int(11) DEFAULT NULL,
  `week` int(11) DEFAULT NULL,
  `class_sec_id` int(11) NOT NULL AUTO_INCREMENT,
  `classname` char(30) DEFAULT NULL,
  `begin_week` int(11) DEFAULT NULL,
  `end_week` int(11) DEFAULT NULL,
  `odd_or_even` char(1) DEFAULT NULL,
  PRIMARY KEY (`class_sec_id`),
  KEY `FK_segment` (`classname`),
  CONSTRAINT `FK_segment` FOREIGN KEY (`classname`) REFERENCES `course_class` (`classname`) ON DELETE RESTRICT ON UPDATE RESTRICT
) ENGINE=InnoDB AUTO_INCREMENT=101 DEFAULT CHARSET=utf8;
/*!40101 SET character_set_client = @saved_cs_client */;

--
-- Dumping data for table `class_segments`
--

LOCK TABLES `class_segments` WRITE;
/*!40000 ALTER TABLE `class_segments` DISABLE KEYS */;
INSERT INTO `class_segments` VALUES ('1ZP9U',-391015816,-1568941220,-599382977,1,'Fraley7',17,-807750138,'3'),('3B3F1RQJI',-616262821,8197,-1558087107,2,'Meri1998',-1297204480,-352427746,'4'),('FK8X09',-4122,-911948206,-111916084,3,'Stack1959',-396555021,-2143133307,'4'),('3O5A82',6717,-897662328,-89948970,4,'Claretha743',-601,25,'6'),('9B073L',-1845662322,-377981638,-1463700094,5,'Halley2010',35,-828479756,'0'),('629L',-358640399,-248229729,-782787959,6,'Linn862',-1842032745,-1292431354,'I'),('3W63C',-1879078749,-600167950,-559690754,7,'Carmen3',-1034538455,-1369139305,'S'),('2',-1450989276,32,-1,8,'Chasity1995',-669915443,-1415362177,'0'),('6G',-468759293,-9544,-509434008,9,'Joy22',-898806274,-1332767516,'V'),('8ZY369VZ6H7',-804943989,0,-94387014,10,'Peggy2017',-1971633085,-615836937,'L'),('1UHWAW',-1627396220,-1792038578,-1476611773,11,'Claretha743',-5,-1651557354,'E'),('9C5BWZ0T3',-61,52,-1677741864,12,'Virgilio726',-1433011978,-376531374,'K'),('3',-394673047,-811977915,-444154686,13,'Millard233',571,-1739529473,'G'),('9',-2037364754,-1701107507,-280694610,14,'Boudreaux16',-2049324517,-50182703,'8'),('16N679N42QI',-1074134761,-1059516407,-1135043815,15,'Rebbeca1',-2116982070,-371222970,'D'),('98LYA9F7E',0,32,-1029320644,16,'Bingham2021',-792,-667607195,'7'),('0M',-364797519,-892955930,-325571398,17,'Joy22',-861,-1742765547,'W'),('84418Y8837Q5',-1574211406,-1497415048,-1662410686,18,'Azalee1962',-2041202743,-212689681,'4'),('D',-1415257097,-5621,-1448783861,19,'Brett2028',-1822866915,-674565630,'M'),('Z',-1712426144,-1063919768,-421,20,'Adela1963',-1911341426,-583,'E'),('S7FK',-571079991,376,-1562317690,21,'Adam1960',-9,-1071922279,'0'),('B6C5F0BH77H4A9G',-185405645,-2111890643,9,22,'Teodoro2016',-7655,-454900804,'1'),('3MI6',8,-1495667879,-1111872394,23,'Bart2005',-1278753832,-158533290,'0'),('HJGZ539A01JDEW8N7T954',-845483662,-1549389145,-1864233058,24,'Dominga1990',7,3,'3'),('7YLLUL7S1',-799855023,-652725614,-436477743,25,'Stack1959',-1087073439,-3,'K'),('1W70S',-1003131416,9,-7296,26,'Kristeen2024',-693702741,-1971661276,'2'),('Q2H63F493ZGU1P05YV',6415,-1349122370,-1937146433,27,'Kimbra437',-1167375384,-957077365,'0'),('322N90HL',20,515,-104211460,28,'Azalee1962',-119892077,-7,'7'),('9J',-6309,-607968000,-1088592761,29,'Bart2005',-1532161842,-1441819667,'3'),('UIP7',-1626863389,-1359489180,-140,30,'Eleonora2025',-456588987,-601136973,'M'),('G7',972,-207,-1097423728,31,'Staten2006',2,1035,'6'),('2WBT763OFY0I75769RPR',-2062346695,-352148126,-1844020005,32,'Connelly1969',998,-47603075,'S'),('JJT33JS9CR440',-1138535064,-279696851,-969443631,33,'Bart2005',-366627093,-301103392,'4'),('N8WZTL46190FE1292780WI72CG85P',-251910699,27,-1602541421,34,'Dominga1990',390,-295134253,'N'),('CU136667',-1608832123,-1087680962,-1834281272,35,'Moseley59',-647756143,-64,'6'),('Z8',-1463838595,-225391381,-1375221000,36,'Dominga1990',-39,4,'6'),('5LG',-1579804064,-68,-465153655,37,'Washburn588',-1995722055,-561572386,'X'),('191',-7023,-716,-736452340,38,'Chantal2005',-698302100,-575035207,'0'),('1RS55U94JG4324ER2',-175614216,-1451344635,-475373081,39,'Bingham2021',-1092862625,-62212759,'9'),('Q18',-220,-442965794,32,40,'Abdul2021',92,251,'3'),('6LR5709C8HS',-858368929,55,-1741706279,41,'Lorenzo177',-290604169,-76716727,'5'),('V7362CU',6,-913543146,-1137387767,42,'Markley514',-163068846,-1481,'H'),('N1E5JH',-991454491,-49,-1097828933,43,'Robbie1971',-1404946032,-1993685184,'6'),('203',-5,1334,-9,44,'Daryl484',809,8742,'8'),('4TT8O4P',4,-810932324,-1737131369,45,'Bryanna5',-1107863015,-71501284,'3'),('EXLLH84E5DV8',4094,-4176,3,46,'Jan6',-10,-1370359226,'K'),('2B',-1232368893,-1262714925,-1825713468,47,'Hunter85',-3,-1312883652,'O'),('FT5DYU',-1189726740,-918980687,-1278167062,48,'Abbie2009',6,-455225730,'0'),('Z94U',-661861935,-334446344,-322428451,49,'Ethelene2018',-416849339,-1989839747,'9'),('32W9NJYLOU8LL5',-2020544323,-1920723951,-1811343858,50,'Mirna174',-1228137679,-1963658899,'T'),('NWB9',-1710649426,-102768860,-1129143170,51,'Connelly1969',-707,-1141871737,'5'),('ICYY8OB6M',-181541404,-1966654248,-2117134907,52,'Dick265',-714165811,-303493819,'E'),('83S',-34965141,-648045406,-76,53,'Millard233',-228005330,-1563285479,'4'),('JU4Z',-1995843008,-996650039,-4041,54,'Hunter85',-1338708319,-1045078228,'2'),('387SVO1',-1838697427,-1988117019,-2006509523,55,'Ethelene2018',2944,-52516014,'W'),('30A0D49F14',-1940016744,-1211801202,-608203085,56,'Kimbra437',-1037131928,-822085660,'1'),('JR2T',-266,-2,-351346657,57,'Markley514',-1144606781,-2064529982,'J'),('1V0G2LQ8Y5U',-1985579183,-1272678546,-1726547520,58,'Rebbeca1',-1411442624,6,'9'),('NNH2NM9582VVX2',94,-1253602469,-1037830664,59,'Efren1980',-7,-479,'8'),('6',77,-2126020877,2377,60,'Fortin34',-1366761739,-1696860644,'5'),('4GES31DW',-2050449735,-1583727852,-1722588148,61,'Herrick2010',-151,-302921562,'S'),('745L572KS2M6934',-4,-129480301,-185466885,62,'Bingham2021',-7171,4,'K'),('SNRL86',-1667953258,767,-279962004,63,'Arturo222',-337,-127747296,'W'),('H11V3K6FHFV8Y77E8C1',-837,-1710093007,86,64,'Mercedez2000',-2020109425,-36,'9'),('1972',-260969976,-536738515,4481,65,'Dick265',-1318812368,-59275747,'3'),('5Q8Y4PYPLT20QXS',-1254295199,-1836434342,-6,66,'Verna2028',-7,-1044760171,'K'),('A2N91IZ1',-1612438358,4491,6426,67,'Markley514',-104448312,-1769187516,'C'),('WHTQ6FXC0',-418648860,-1516535111,-1672362339,68,'Robbie1971',-6,-1169962356,'6'),('20',-2,-1587257010,-8301,69,'Kaufman644',-941846163,-1049583362,'6'),('A6968',-1790683375,-1077731889,-506894715,70,'Markley514',-237547927,-2011504416,'W'),('3I603J569501Z2HE663FCDB48',8,-418,-1372825797,71,'Arturo222',-657429605,-33,'5'),('46',525,-225380790,-699,72,'Shrader2007',-1158563924,-92,'U'),('551YEN',-479293555,0,-46,73,'Bedard1968',-1195758418,-41981419,'Y'),('67B948H8Z6M',-1276177587,-1216332450,-188491119,74,'Jacelyn897',-8,-1526044611,'B'),('0H62ZU8G',-4,-1187336203,0,75,'Carmen3',-615681055,-830816581,'0'),('S4MK',-1257525356,-1339277075,-153993107,76,'Amos386',21,-1079427000,'B'),('155',-279634017,-624439718,-1075240278,77,'Daryl484',-1005528098,583,'Y'),('Q',-436771752,-870931860,-1612645394,78,'Susanna268',4,-1977475521,'1'),('81X',-55,2826,-2,79,'Chantal2005',-2303,-918240852,'3'),('37Z73GQO66M2T',-51196227,-676514183,-560086895,80,'Kimbra437',0,-1570597707,'6'),('04E19YCN4',-1605578762,-1304165723,-325872391,81,'Chantal2005',-164608784,-1110038067,'3'),('N50PH6B',-1135188785,-81,-1971847048,82,'Arden416',-5,-140651115,'Q'),('195FLS707',-121506839,-126292908,-58,83,'Abdul2021',-1465138515,-704948508,'Q'),('O92',-904,97,-1867525605,84,'Shella2013',-407650848,-683827189,'8'),('YH',-2040805169,-1701056170,-1133448421,85,'Kristeen2024',1915,-597120663,'G'),('K6RLHZ93HPN6B7QWX',-391929968,-1107563403,-1346477841,86,'Abel47',5242,-1866368747,'1'),('5E5',967,25,-423890125,87,'Brett2028',-724409571,-1294267547,'A'),('FX7',-1568054744,-6840,-2119316271,88,'Meri1998',96,-1150719675,'5'),('X',-50,-1152316143,-1067385633,89,'Chantal2005',-1952444754,59,'O'),('3M',-1,-2135250330,-8497,90,'Kimbra437',-5,-1691014100,'S'),('CWYK5',891,-1286076385,7677,91,'Millard233',-1022960026,-9,'K'),('5F',-1235930899,-515291919,3,92,'Efren1980',0,-2051703083,'T'),('29',-95,523,-1586195323,93,'Jerrod212',-1601080798,-241330862,'E'),('R811A1M15F5S93I6',-140278716,-390171129,-972519900,94,'Boudreaux16',-2004693318,-441226577,'D'),('67BQ88K',-9745,-903310816,-1326866184,95,'Mirna174',6336,6629,'9'),('5XRY63M7OD64P50MZ1351639',-737602034,219,-2016181967,96,'Abel2023',-8,-2057543600,'P'),('S229G',-2016715776,-612883266,-9228,97,'Sandy1974',-1,-5,'L'),('58DXM9526',-276,-1390578282,-214678780,98,'Herrick2010',-1691492359,-920146642,'O'),('0',7903,-553829872,6,99,'Bart2005',-60761811,-1121460761,'9'),('365',-1323765788,-248688574,-854565732,100,'Herrick2010',-1318725753,-357412306,'L');
/*!40000 ALTER TABLE `class_segments` ENABLE KEYS */;
UNLOCK TABLES;

--
-- Table structure for table `course`
--

DROP TABLE IF EXISTS `course`;
/*!40101 SET @saved_cs_client     = @@character_set_client */;
 SET character_set_client = utf8mb4 ;
CREATE TABLE `course` (
  `course_id` varchar(6) NOT NULL,
  `course_name` varchar(200) DEFAULT NULL,
  `course_hours` int(11) DEFAULT NULL,
  `course_credits` int(11) DEFAULT NULL,
  `general` tinyint(1) DEFAULT NULL,
  `general_type` varchar(20) DEFAULT NULL,
  `course_deptname` varchar(60) DEFAULT NULL,
  `course_praise_point` int(11) DEFAULT NULL,
  PRIMARY KEY (`course_id`)
) ENGINE=InnoDB DEFAULT CHARSET=utf8;
/*!40101 SET character_set_client = @saved_cs_client */;

--
-- Dumping data for table `course`
--

LOCK TABLES `course` WRITE;
/*!40000 ALTER TABLE `course` DISABLE KEYS */;
INSERT INTO `course` VALUES ('00R5M','Martina554',-1261010299,-280332515,1,'79DM7','Brenda1973',-6),('01494','Abreu1976',4216,-23,0,'2540W0','Freddie2000',-39183738),('014DU','Jeanmarie29',-820534287,-1922982896,0,'6Q38P4','Pringle1994',-2103710524),('01XTV','Takisha2019',-1196577721,-8617377,0,'DJN74QR3','Zook2014',-42887057),('058UH','Colton1951',-511,-530624782,0,'C','Albers622',-1848688563),('05V2Q','Edna1975',-1305918119,-2012732722,0,'ZPV6','Diego3',-984412737),('063CR','Neely39',-1395319623,-533855057,0,'KKF13216','Abraham2020',-809603893),('08K1B','Whyte1951',-2129719696,584,0,'T0C903','March1962',8384),('09YA3','Goforth2024',-1813571265,-1855534829,0,'R75OF','Shane229',-1),('0DRJB','Grady714',-367,-13086162,0,'9','Philip527',-6433),('0PR3M','Adela2',-1071182725,-18,0,'83QE7','Wheeler2',-846330747),('0U72Q','Eddie378',-1034116070,-1518163089,0,'K60','Mitchell5',-1722602733),('113TJ','Travis1969',644,933,0,'4T1','Michael531',-791092257),('11E7H','Louis1957',-11936198,-1340570634,0,'R98128','Abney2016',-1559988894),('1469B','Malik143',-5778,-441446008,0,'P','Rawlings1966',-1819425930),('17C3L','Shelby55',-993051553,-1368158957,0,'O5','Myles1',-1614001968),('1AP6H','Randa14',-525215009,48,0,'VI','Bert631',-3),('1EMNR','Chance1959',-584532199,-1221164001,0,'0T','Kimbrough1',-1286240603),('1J5FJ','Dugas2011',-1881701356,-1562880328,0,'RQ','Mears617',-539933094),('1P67H','Ada1978',-1547619503,-470293228,0,'L','Kenny1983',-1694628020),('1PPYM','Naranjo926',-545376200,-1425496532,0,'69SH3','Patricia1994',9524),('1RHTM','Sabine64',-136212270,-1861400187,0,'19X1','Providencia2',-215049790),('1V8RH','Cleo9',-1495436601,-1299125436,0,'L','Harley1998',-2113015777),('2C7SV','Abigail2020',-1522885516,-1031270025,0,'IEN145W68TP','Adam3',-258915891),('2JP5G','Austin7',1,-189011394,1,'4O8535DMN','Caroyln1994',-1550589569),('2K1JB','Olen1980',-548502773,-1881786875,0,'N','Abney2020',-4),('2LC1V','Kam2012',-2017507267,-153951820,0,'33','Ulrike2029',-1034301906),('2QBRB','Milford4',789,-1088997547,0,'SI8W9C7TD','Alanna8',-1187383530),('2VBLJ','Trice993',-83,-964986398,0,'N','Shanna1960',-345661272),('3407L','Rosalinda645',-1703270980,-893214363,0,'Y49','Orosco2005',-1456824690),('34J1R','Maynard7',8818,-327,0,'BAKH1CAZ','Nava739',-2092675240),('35FWH','Gayle2014',-275157130,-1336247076,0,'9','Ziegler1970',-1401686508),('35X7J','Chase1995',-1527168625,-1564737688,0,'ES','Enriquez819',-6),('3639U','Socorro4',56,-2528,0,'K746K','Jarod2021',-851505665),('364IJ','Audrey671',-5181,-548292630,0,'L','Hawkins231',-47),('36Y8R','Daniell417',-797955728,-529296520,0,'O','Acevedo1972',-448226068),('3E03L','Kinney98',-1558834781,49,0,'T','Canales883',418),('3HAYL','Byrnes7',-1722136246,-1403193710,0,'2EY2S6YFRM','Wynona1996',-1103473588),('3OMAL','Isbell299',-308872037,-771017666,0,'9Y8SC','Xavier1964',869),('3R8CL','Wilford929',-145437184,7,0,'I45','Melisa2022',-155009322),('427I9','Cristopher287',-1821153714,-1103704987,0,'9Z','Annelle2004',3),('486BQ','Novella6',-1115480231,-111030766,0,'81BQ8GF','Crouch93',-4),('49IIG','Danuta164',-2047235680,-23085725,0,'9','Milagro93',-140868274),('4GOGH','Somer2012',-1206405743,891,0,'T8','Abbie2014',5631),('4O6HB','Alayna2020',-5812,-6520,0,'16','Giovanni9',-1084389479),('4ZNGV','Rosario19',-975545995,-49,0,'4TV','Alec1986',-2051304277),('5762L','Andrew782',-2089996010,-1815045742,0,'2','Adair845',-2029360069),('5CZZH','Vanetta2018',-5,-1288999610,0,'L1UK6L0I','Tanisha2024',-23029442),('5R64V','Cammy1958',-41,-1385241602,0,'9B44TD','Ackerman835',-482576955),('5WI9R','Grady846',-229278444,-1305225017,0,'45','Denis1954',-1138856368),('60SHU','Adams2016',-947943422,-449727363,0,'ZG','Avelina2017',-1343366675),('60XRR','Gerry1977',0,-1137286860,0,'F1LI','Denna1961',-1975297929),('62BER','Davila1976',-1740276555,-876863055,0,'U0','Oliva1985',3),('63XB0','Colby523',-60,-1914729552,0,'85LFE85W6896N763L207','Alfonzo534',42),('664EM','Kinsey63',-1706808563,-570924148,0,'W61','Addie2014',-899506386),('66WYQ','Amos2007',-1318341060,539,0,'U0LH','Aleshia2021',-341708682),('68LJ8','Vince45',-422427541,-270397956,0,'HFO5','Enrique2006',-600316478),('698HH','Shera55',-616308539,3,0,'MQ4','Foote4',-272379947),('6JF9M','Alexandra216',-522555673,-30,0,'C97X','Domitila1974',-1),('6JO6M','King2',-742504334,-6,0,'F20F30','Dalene587',-24),('6L06H','Asher3',-1822613496,-871,0,'Y','Courtney78',-2052912398),('6MHWR','Grace12',-7808,-294,0,'H','Shaw2019',-434688749),('6NL3J','Abbott1970',894,-7,0,'1VCJ2CRT','Winslow1950',181),('6U59V','Lawrence2020',-562621530,-1503044375,0,'VC','Jimmy225',-22),('6VD4Q','Diedre2001',-799510714,-2013561297,0,'4H9O','Florene846',-78),('723F1','Genesis2025',-727104555,-1945912026,0,'3','Lester2029',-980250528),('754LR','Blank1962',8876,-940972786,0,'3Y1QE11','Brittny1998',-2100013312),('773QM','Benedict7',5242,-1494539652,0,'449V9PC23','Coates72',-1639442567),('79OZV','Arthur154',-1985675542,-1016117299,0,'7','Catherina533',-6673),('7B1WQ','Agustina2018',-29039141,-1421303920,0,'JN','Geiger2017',-77),('7G4OV','Bratton73',-963,-6,0,'HS','Angelo2018',928),('7M96L','Elease1994',27,-161648095,0,'4','Shaquita2004',83),('7TINB','Catherina2011',-404,-1214207138,0,'15S','Delmar2',-4),('82J0H','Alejandro27',-1733617453,-776,0,'27R5','Rowley2010',-114685441),('8FW6Q','Whipple2007',-139143462,9,0,'25','Cisneros36',-58),('8KZ7U','Britteny278',-5247,-156965173,0,'851D','Lanier4',-591007475),('8NCOQ','Enda128',-8,-780633437,0,'3Z3T','Courtney2007',-2078735518),('8PY7Q','Julene621',-976951902,-7,0,'W8Z9V','Michel1983',-238844314),('8TF5Q','Dani2006',-1639812671,-1317353486,0,'F2','Delfina2026',-43866102),('8ZE3R','Bordelon1966',-2028645483,-2026866883,0,'5','Mead1954',-1787229939),('95VCM','Adelina62',-1079337547,-2008242492,0,'B','Milliken166',-1307371295),('987YV','Delmar634',-355674293,-2,0,'99YL7','Antwan96',8),('9915H','Gleason2015',-55799660,-1007499923,0,'D','Adelaida2',-1561621358),('99X8R','Kovach1989',-276465239,-9390498,0,'2','Candace754',-1118305366),('9B38B','Shon4',-1587340233,-1190423839,0,'1','Calkins135',-215317257),('9MZY1','Cicely1978',-384684718,2,0,'2T','Erwin2008',-763417921),('9PGEH','Spring1982',8512,2,0,'L','Vanetta2012',2),('9V0FR','Abigail8',-477,-2135355179,0,'T','Shea1953',-1587345143),('A3UEB','Kelley2011',-1894321545,-408,0,'8XG','Snider2017',-627412099),('AEZ88','Harland157',894,-1748929814,0,'W','Walton1965',-1061254848),('AH8WB','Odis534',-1454120135,-792,0,'7E395','Stallings2029',-1940260754),('AO75H','Rosie1977',-1701172441,8180,0,'9862V','Begay34',-2084317321),('C2HT0','Allan524',-964346785,-701,0,'L308E23','Sebrina3',-293366872),('CI465','Agustin3',-473600,-5,0,'HCUIL6','Riva1959',-1701716082),('H9F38','Ramona2011',-343336083,-1986507145,0,'9B','Brendon2001',-1423892179),('L91C9','Alyce59',-5,-1294252032,0,'UF','Carmelina382',178),('P50F1','Leonel595',-448884123,-432282174,0,'A5Q53','Timmy2025',-1055819335),('S6445','Jospeh1994',-5491,-252165415,0,'7','Christian6',-6),('SIAA6','Dino9',-199293957,-1663234218,0,'0ELV9','Jamey848',-95),('U51M7','Alberta796',-821721026,-1551980518,0,'1EJ7KNJ','Malcom2010',-699735591);
/*!40000 ALTER TABLE `course` ENABLE KEYS */;
UNLOCK TABLES;

--
-- Table structure for table `course_class`
--

DROP TABLE IF EXISTS `course_class`;
/*!40101 SET @saved_cs_client     = @@character_set_client */;
 SET character_set_client = utf8mb4 ;
CREATE TABLE `course_class` (
  `teacher_id` char(20) DEFAULT NULL,
  `teacher_name` varchar(50) DEFAULT NULL,
  `teachers` varchar(300) DEFAULT NULL,
  `classname` char(30) NOT NULL,
  `course_id` varchar(6) DEFAULT NULL,
  `course_participants` int(11) DEFAULT NULL,
  `class_note` varchar(1000) DEFAULT NULL,
  `year` int(11) DEFAULT NULL,
  `semester` int(11) DEFAULT NULL,
  PRIMARY KEY (`classname`),
  KEY `FK_Relationship_10` (`course_id`),
  CONSTRAINT `FK_Relationship_10` FOREIGN KEY (`course_id`) REFERENCES `course` (`course_id`) ON DELETE RESTRICT ON UPDATE RESTRICT
) ENGINE=InnoDB DEFAULT CHARSET=utf8;
/*!40101 SET character_set_client = @saved_cs_client */;

--
-- Dumping data for table `course_class`
--

LOCK TABLES `course_class` WRITE;
/*!40000 ALTER TABLE `course_class` DISABLE KEYS */;
INSERT INTO `course_class` VALUES ('88221','Giuseppe1950','FG6V2HQJ94W','Abbie2009','35X7J',10,'V84JR70GOS',2023,-1587383900),('23449','Adam933','QR09IBRA84D36WV17HVDVGLX44V9ERX9F2','Abbott343','5R64V',-206316639,'17QBL5G9FPE14W5MPB66EMOSP70C61YFC5YQ3DA2O542P',2006,-919675575),('39208','Gallegos6','4Y9N0AA27E7OO736','Abdul2016','AO75H',-9962,'W06',2007,-911597340),('87344','Marlena133','2WD2BJGSW','Abdul2021','1AP6H',-754193260,'W16W6KX43W320MQB6NP1RE9',2008,-1246720837),('87442','Breanne816','O7RW1HP59X5IIWTU32CMZ8A3N81EJFK2NV9F7DLETLP96569091FCETW790LF1139U6OB547IBP7Y6D34S1RE8','Abel2023','60XRR',-1907051997,'D2UZZ9V08205460399Z27O9JC',2019,0),('36032','Dannielle28','1545I7182H812ADK3GT','Abel47','35FWH',-826698968,'4L6QJ5',2010,-899060242),('97852','Charline1956','P9B','Abernathy2028','987YV',-1399071138,'G381C8319N43',2010,-889290489),('33285','Abernathy1950','K5','Abney1975','P50F1',-2039281410,'N09T20F5Z0Y',2009,-837065396),('62268','Debrah77','129H9V1K93D67','Adam1960','P50F1',-1506822278,'EQZ362L61',2006,-821473840),('24355','Laney74','115VG7H','Adam444','9MZY1',-7,'V8K1N',2017,-519203114),('31460','Snead1994','HB45TJ2X836R625ZXG0J51ET3P7415B29854S','Adela1955','723F1',-38,'F329A',2011,39),('39461','Tanisha588','LK82PW95U','Adela1963','1J5FJ',-434366743,'F99717BEA',2013,-59129593),('71398','Neal434','PT183H1AEC8998','Adolph92','2C7SV',74,'VFA6GL8U5JW8BFZ8SOEAVC1V5029W',2020,3851),('87498','Albert253','16','Aguilar2016','8PY7Q',-493181416,'2R187KSI1J8YCV',2020,-751),('81368','Zonia47','53V67216030G3P2YDAEYT7P863752','Aleman2026','60SHU',-210661044,'HQ8CKPEJ092MM',2019,-194047547),('16077','Abe6','P','Amos386','35X7J',-399078276,'M3Z8OXR812H520IJ1G1FEPV5QQ5U5N6W8C8T62TX9HC1OL3',2016,-1126735101),('93895','Kurt2016','0GXI73U1OOU649563SLI','Andrews44','6NL3J',-36,'B96V854G4005XDIZ1HEVY579343M6I5DI1Z3ZM1776I4T2',2009,-1957096286),('10006','Felicia437','EZ91','Arden416','2QBRB',-1184906112,'383BC1Z67F0H',2007,-1659963685),('84407','Addie5','52ANR44ZAOTGY102PS0L6P','Arturo222','35X7J',-53,'CPTX7DX56ED4WI',2029,710),('44592','Arnulfo722','4R21956JO74DW11ZH42HYHW','Ashton498','2VBLJ',-344353779,'2395NF67C346UFO03S6WD21582U84G08O20A755S9EQU7C1MN049G52YP21UGGM1N',2029,-1437852687),('06151','Huntington2028','Z02WI12W3EJ08U95W549GDCNO05','Azalee1962','6VD4Q',-1267437846,'NLM90DYJ72O4',2008,-629283910),('91390','Champion1','8ML0HVLB4U95537XXUFYMC8XF537B3','Bart2005','2QBRB',-870820450,'R16MMAR6X05TQ97566H7WB3T10ARJ3B6M17OF1',2011,-719083019),('04045','Fuchs2011','176UI','Bedard1968','7TINB',-1931396252,'AP819W',2025,-4),('23014','Ahmed1996','Z70360B1Y399V00903','Bingham2021','17C3L',-1478866098,'II8Y6',2008,-1769870606),('94620','Rosalyn98','Z3705Q3V18GAP1145GAN19ZO62RISW0F9KT881DWH1CL5BS00GME2','Bobby37','8FW6Q',-180991558,'K305BR329ZPRY5G',2018,-2064525449),('53399','Doretha2011','DD31920BDO1S2E9TOGFT','Boudreaux16','8PY7Q',-343996607,'43TM',2029,-2005),('36933','Darla2008','FTL7KIG115PE','Brett2028','2JP5G',-377,'DRD',2020,-869453895),('66862','Billy2020','9GFO05KB6V89JMGY9PR13T4517N1V1V247UKVJLQI670H13D68G12D42GG16441P211558X0F61IELMD9','Bryanna5','5R64V',-2051180380,'U840HB7X885Q',2015,16),('28286','Anthony31','43D51W02499MQ7U47S96','Burkholder42','CI465',-575296286,'6ULE80F9031T0Z3610',2009,-1883059763),('33597','Krieger2011','IA','Burl745','36Y8R',-1602770655,'3',2007,-5),('68165','Estes1989','7560W3','Carmen3','AEZ88',-1,'4H',2020,-461964513),('79275','Roger1983','219','Castellanos757','01XTV',-1136921421,'EC30M0KV18EU3DKTEQ3R2FNXIFAEQ03H6H0L0',2009,-395294466),('89222','Drummond413','QYWZL','Chantal2005','2LC1V',-1392287502,'0RP0',2019,-336),('77230','Erwin1951','8X8Z8J2FPM06TNPCFMLA9U94XXY18GY9FX','Chasity1995','7TINB',-1571886306,'F',2013,460),('40506','Chang331','4FI9V48UYR1I69741J9P3E1AVZ7Q179JW78OS','Claretha743','8NCOQ',-2007805717,'3',2027,-2063389900),('97838','Tim2022','19JBA7X0ZWIVU31W7B5DCTJ9UQ','Coleman2020','2QBRB',1,'A',2007,-1345648479),('02085','Abel343','FLD523R2F0Q39D41GOP4J5604DKQY78059W12403GZSTL2JD0T25I','Connelly1969','2VBLJ',-884649415,'0M',2025,-737571354),('55225','Talbott2017','AM1U9Q1Z5J87982O02ZP70S24YU5T3H808TT86A4B1202104C00','Daryl484','S6445',-246950798,'Q5218L',2008,87),('72021','Joselyn2021','VK1A0NP24','Delmar1976','3407L',52,'YX8QNIRRV',2008,426),('58175','Henry5','05TF6','Dick265','1P67H',-399901400,'T1',2013,-204529254),('67145','Ada2015','97YZ6BT3373QCA7XKY2G8L49K289WH38760KR3C961G9IY66XO94330M0','Dominga1990','5R64V',-242,'Y3H04480M8C',2014,-568575712),('18979','Nanette1982','1KKY7J8F3E','Efren1980','49IIG',-1219348938,'9N06R14',2028,-3),('62130','Shelby1958','WTHO54T','Eleonora2025','0DRJB',-1969835143,'GX8X',2025,-16290723),('51362','Nutt2014','7L','Esquivel194','6VD4Q',-1662013525,'W25I',2006,-7),('26312','Tyrone4','VINIWA0X6KVX6D0R7X7','Ethelene2018','2LC1V',-1671556819,'Y9335PMQ06',2014,-1239403114),('81928','Robbyn2024','P83','Evan8','1469B',-1693950408,'7ITL',2006,-711679111),('33813','Anthony1962','00T6F2JS1177','Fortin34','0PR3M',-1219465394,'8TTODLGH5M6222HK716A87XR3DCNX3DPUFR3I8Y46I87KB84',2027,-997),('04259','Waite1999','6B5J8RIAR1WSJO67T7R4C86U2BO21180U0IL27TK1A6D44777O0T2718475I9VG2H9G3R51LJO3792','Fraley7','60SHU',-818913903,'E611V742Z5P',2027,-264490474),('95638','Fontenot2012','ZTE861RA8OJ81M524HL','Gorham719','8TF5Q',-1440459140,'79PE8U41G5PK87UE36285MY08',2009,-58),('38207','Adelaida7','L12M09D5F8','Halley2010','2JP5G',-1268911843,'13EQRM',2009,-461034122),('35154','Gilberto2010','8','Herrick2010','723F1',-2016229144,'P7F2',2013,-170270202),('90723','Karima847','4DB97NC18435G97WN6M4IZKA09WI0OZX2839C','Hosea2018','7G4OV',-1976555263,'P3',2008,-31),('49168','Edda95','P863SPZLQ9H9L3VF','Hunter85','7M96L',-1508077080,'ZRX0601O60',2008,-1819284950),('58328','Darrin7','5O7HSFLP3SM4U82X0B48','Jacelyn897','6JF9M',-633046652,'Y',2011,-883264385),('70293','Vannesa1999','09XJ9S3Z19TPYU14W','Jan6','34J1R',-1245786193,'0',2006,7742),('84084','Darrel2008','96Q5MIFM02HETEH89NQ108R430QCQS7710TE0QCR2K59','Jerrod212','2K1JB',-3766,'K1912IP64MP',2009,8),('85876','Ping2018','RPP372ML8G3172G142POFK3N6818SHZPO38B25W1X15OVS3R8O88S237U9C1H6PN3BUDJ7','Joy22','7B1WQ',8575,'1C',2010,-937200278),('28767','Owen2015','V25T37IFEJS20P57D99R141H261','Kandis879','U51M7',9516,'563281Q7V64',2017,4),('67972','Brandon2013','02G7JMU2U8Y48EA67Y372392OU6Z53','Karl2023','00R5M',-1373708530,'2FVGGI70H0W4',2021,-1238043340),('57740','Daryl957','6UPYZ58V7G395B2I17OKURA905E4WNKRQF2HBZM44K26Q','Kattie4','L91C9',-72910938,'38GT5296054TNF6LW599P8',2014,-34783695),('24558','Noelle2012','QRD303E162LVS5JYPN056OAIRI5G569MDZ8W','Kaufman644','6L06H',-716320746,'H7B3489Y4V8C',2010,-700832556),('24921','Micheal2010','1V8692G00569Z6QDX5K57','Kelley328','486BQ',-285571191,'4Y074W4F12KB67BD8AKR337',2016,-125238268),('60611','Abby8','JYOW40','Kimbra437','4ZNGV',-823701930,'L210GY',2011,-164581460),('12606','Isadora2013','Z4QSR','Kristeen2024','P50F1',-31,'7B032QY51WJK7FD33OP4XD801Q96CGGZR1',2010,-6064),('29167','Milan2022','B','Landry2027','AEZ88',1,'ZG6790MDZTRS37P',2028,-1682896328),('45325','Dominguez527','Y0RU','Lane1983','1PPYM',-944755586,'7S8PBZH0GEZ12F0168994',2026,-898),('47820','Vernita488','S6SN267YE5S','Linn862','H9F38',-312215507,'2CITH805F',2029,-9191),('75598','Sheena2008','PLV9','Lita68','9V0FR',2,'3153UCSWJ703',2026,-749),('32928','Sharla312','F6CGK67QNSD','Lively344','664EM',293,'411DB',2012,-240614606),('52881','Hien9','657HO44Z136MV','Logan1','754LR',452,'GW',2011,-2075935002),('95513','Mel268','4X2','Lorenzo177','3R8CL',-1379751155,'XJ1968R36H',2023,-1804208909),('58283','Rolando1997','GYJC','Lynn1983','9V0FR',-66,'617PONCMT1B7J21A4VZY70D7I34X81R0I74Z337C4RRPCRD59S',2024,-1989361277),('32001','Nicholas954','G6207B1F23808VS30GOJU90X5ZK9JM020K9XLA48F306','Markley514','36Y8R',-1300152932,'NAF1FK5V4B990JGZXH854Y8S2E8SI395182Y97J',2011,0),('31883','Abney4','62I3ACEJP3IP2TK6J3CEY183L938F200RZ3E','Mercedez2000','6U59V',-1850703802,'7R33',2018,-3489),('59344','Adalberto5','K0S2KE5WA2229XN2YUZ92VII3S1V178T0IOVURM','Meri1998','113TJ',-1373756255,'08UE9T8K5X25ZMKYI6YNUIVKT7070O9D87D05E',2009,-216204471),('90415','Morgan1987','ULHSCX1T5T42EM75469226YWB2AD4G3X0TNCS4QT81M4','Millard233','4GOGH',-277,'Y4N19OON4FD5',2021,-5),('20870','Miguel82','930','Mirna174','CI465',-1968872305,'EQM8932B',2019,-1906251446),('57011','Darron2024','VVN1399L28','Monnie2006','0DRJB',-1473495277,'4768',2010,-1772717891),('11862','Maud1993','5D','Moseley59','5R64V',-586267317,'9',2018,-638771310),('43720','Newton671','RC','Norberto2003','754LR',-26,'EHK7WB831L1HMU42A52',2011,-5701),('65221','Ayanna518','79','Peggy2017','773QM',5412,'N',2007,-254926217),('84031','Lekisha247','5514J0I461062','Pridgen613','H9F38',-713316031,'V75NC',2022,9312),('89987','Christal1','8JE2XJNT9X5W3TE97J4TRF','Rebbeca1','486BQ',-1263239233,'518B204QY2B01U5',2007,-583307337),('32423','Bernarda241','73DQ4D25005J15P7CGK','Robbie1971','A3UEB',-2038,'OD5L5QXC2ZMPFGEU',2014,7),('08260','Applegate5','5WHT7HP253HI','Rouse263','79OZV',-1675054774,'JWB72Z8',2029,-2018875483),('80221','Gerry1975','I764','Samella978','113TJ',-1102648392,'TKSD4GA',2026,966),('42972','Santos2004','TCWVA48YE8KKA0J4','Sandy1974','01494',-181813882,'P3CB3GGW69WNS1ZCDKT493R5H054N3919',2022,-997859113),('63254','Lemke4','LO27TH1KY73L272LI7Y6MXG6H5Y52H4B3VB707S3','Shanta6','SIAA6',-323978819,'00KK5K',2024,-85),('85042','Alford1987','918DDP83653Y2221UN8Z57O51DN8Z088J7EM0P97XLZB2A816HUR4Q9X0L3','Shella2013','3R8CL',2391,'T2S41MAD8383R8XEZ4M1',2008,-1833416339),('84148','Herb83','2NMGC','Shrader2007','68LJ8',-842704946,'6NXDJBV7SN05U',2028,9),('43280','Meier844','CONQ3JT1YQO5XMM86HTBCD2W6BQ591','Slaton851','AH8WB',-1390309117,'U6M0P91QR8N027G6584G5653JEE77O7F12IG7QM0XOR0N9K8JUIL3TAXOW',2007,-1991007244),('70328','Sharilyn1961','JREKW4KWPFA4H3','Stack1959','486BQ',932,'8BZ0',2018,-779472370),('00542','Paul13','61J5HX7095P25316I45E8PWIC4X0TUZS8WG9R5E2','Staten2006','35FWH',-1122521934,'PSZ0NW08AZ8C9IJC6A',2006,-941155261),('76025','Maurice1993','7D19S83E4G9B','Susanna268','01XTV',36,'T97SBY692',2020,-92204209),('59253','Abby9','V15F9','Teodoro2016','2LC1V',9,'339U6WT6156D05FH322NCJCWQ06903RZ55Y',2025,-36),('60558','Abraham9','42KP90KTG9FPL94II264M4','Verna2028','987YV',-1603060169,'X7',2011,-382476327),('36389','Taft537','OJIV107T5490','Virgilio726','35FWH',-556091110,'N2F4F4H5',2007,69),('51687','Austin1959','D9Z54UW16C80Y954C53OB1JVN663MK8Q6121161PUY5JB62589117844GL06UQ6YYAAL0MP3R','Washburn588','63XB0',-360425225,'1',2029,5348),('19483','Courtney1971','ATD2772Q83H6G','Whitney72','00R5M',-7966,'80AJB3BOB9AW62M1W2GA',2006,-998584347),('32062','Devon82','JTA456D27F626A4S7T8299A92VJ71PFHIJ9','Yajaira1993','773QM',-1324935509,'TEQ1AT1NP2W13A41JM675C3SP86SB8GM9540',2007,-780117874);
/*!40000 ALTER TABLE `course_class` ENABLE KEYS */;
UNLOCK TABLES;

--
-- Table structure for table `course_comment`
--

DROP TABLE IF EXISTS `course_comment`;
/*!40101 SET @saved_cs_client     = @@character_set_client */;
 SET character_set_client = utf8mb4 ;
CREATE TABLE `course_comment` (
  `course_comment_content` varchar(1000) DEFAULT NULL,
  `course_comment_time` varchar(30) DEFAULT NULL,
  `course_comment_id` int(11) NOT NULL AUTO_INCREMENT,
  `course_id` varchar(6) DEFAULT NULL,
  `ID` varchar(40) DEFAULT NULL,
  `course_comment_isbanned` tinyint(1) DEFAULT NULL,
  `course_comment_praise_point` int(11) DEFAULT NULL,
  PRIMARY KEY (`course_comment_id`),
  KEY `FK_Relationship_3` (`course_id`),
  KEY `FK_post_course_comment` (`ID`),
  CONSTRAINT `FK_Relationship_3` FOREIGN KEY (`course_id`) REFERENCES `course` (`course_id`) ON DELETE RESTRICT ON UPDATE RESTRICT,
  CONSTRAINT `FK_post_course_comment` FOREIGN KEY (`ID`) REFERENCES `user` (`ID`) ON DELETE RESTRICT ON UPDATE RESTRICT
) ENGINE=InnoDB AUTO_INCREMENT=106 DEFAULT CHARSET=utf8;
/*!40101 SET character_set_client = @saved_cs_client */;

--
-- Dumping data for table `course_comment`
--

LOCK TABLES `course_comment` WRITE;
/*!40000 ALTER TABLE `course_comment` DISABLE KEYS */;
INSERT INTO `course_comment` VALUES ('H7I2K','6P467',1,'34J1R','ID021',1,-1432851621),('14','4GS',2,'0PR3M','ID093',1,-1030416957),('26I1441C2CQ255O7','4O',3,'4O6HB','ID074',1,-1794334035),('Q6Z78JLL','14QN',4,'79OZV','ID071',1,-1925050876),('2U0XX','JU',5,'11E7H','ID095',1,-997713899),('9KMU0IE6VM04J74OG7585JXPX3RH4','79495BXI4V2Z',6,'SIAA6','ID006',1,-1765423586),('38','16',7,'AH8WB','ID028',0,-1157183679),('LM','72S6OE7IG4XIEMCD6BP',8,'7G4OV','ID046',1,79),('T','H61',9,'5762L','ID007',1,87),('E9078FN84GO273W5Y1','I48NR1P1MP9W3',10,'6U59V','ID091',0,-1377813044),('4ZZCVX4L45W8OBL28Q','7Q9IY3',11,'68LJ8','ID019',0,-98),('PE','RH',12,'364IJ','ID056',0,-8177),('2','5K55Z5D8',13,'698HH','ID093',1,0),('DA6V0T','6',14,'7B1WQ','ID045',0,-1120600405),('0X0B6YQ9NK0928','1DY',15,'60XRR','ID062',0,-231),('F73R7','8H048',16,'09YA3','ID019',1,-269),('7J3','E6',17,'49IIG','ID095',1,-1487623419),('KI142W2KMI13','2QA',18,'364IJ','ID011',1,-1728225444),('UKF','3443KH2',19,'0U72Q','ID045',1,-560),('Z8N1JK10','G4PRX',20,'3HAYL','ID030',1,-499394584),('4D32ET8F50','W1M1XK77W',21,'08K1B','ID042',1,-68),('9VP026H8P9I5A1WF6OTN03597','33P49F',22,'723F1','ID036',1,33),('411CX','MFL',23,'9B38B','ID036',1,-838133017),('4W','5A9Q4',24,'0U72Q','ID072',1,-2024878791),('K8','XB',25,'7G4OV','ID030',1,-2089407047),('MJ6KV0V528E5O9MHM894B','SVU33T',26,'5WI9R','ID059',1,-371),('8WU16C5NI5GJ4L8N317JKBWM1','9975I77K',27,'95VCM','ID008',1,-1960726208),('7YHIQ86077T2DJ416QS00O9X','KO',28,'2C7SV','ID081',0,-164353808),('D892','5',29,'6VD4Q','ID014',0,7),('L068JFK3MD4SWF37EQ962WGP535','X4XNYZ',30,'723F1','ID036',0,751),('HP1S568','CM',31,'66WYQ','ID056',0,-890363848),('P0029I9K','2MI',32,'P50F1','ID031',1,-53701857),('7V','2Q',33,'1V8RH','ID068',0,-1769301196),('TX0A5O','1',34,'01494','ID023',1,-1052188259),('54L7247V67C2J7R02HZ20','I6S6',35,'6JO6M','ID086',0,-326886560),('7H5X85Q307P35SM7C4O9','JD008U',36,'17C3L','ID007',0,-335207885),('ESG3SPAIWE0U','94I03D',37,'4ZNGV','ID000',0,-807249409),('0M59','35M',38,'4ZNGV','ID096',0,-674764348),('0E34C9N7U','E51NKLF2QX27A3',39,'3E03L','ID066',1,-497018496),('O2G3G639WV0O0','ERN7ITWHPJ',40,'17C3L','ID033',1,-534726462),('5I9L8VZQRIMH4084','80',41,'AEZ88','ID064',1,-1089280074),('4Z','I8Q0G',42,'427I9','ID054',0,6532),('31YC09YLP4ZOU52RVEI061K855ENZ49C55OQ372ZN','N84',43,'2LC1V','ID050',1,1),('82Y1X2M49M0HV8M45','4D',44,'49IIG','ID099',1,-102410662),('T81Z9EJM9M','I5I34NU',45,'01XTV','ID072',1,-1640056529),('9IAQWP68IV6Y311W4SE7XI991YAGAOR9','8FI',46,'35FWH','ID061',0,-1726512000),('X9Z171CL2013YXLEL2LN1I','V27LO3Q',47,'364IJ','ID088',1,-1740720387),('P378','5',48,'8KZ7U','ID039',0,-74693086),('B515T3VBQZ269','R',49,'014DU','ID002',0,-1595903923),('BQ1S','89540',50,'1J5FJ','ID069',0,9),('1','041',51,'9V0FR','ID098',0,-502154664),('13TP045','LU20IC8L3',52,'35FWH','ID069',0,-709),('3AHZ3X9','7',53,'113TJ','ID004',0,-810611824),('JZO145','25IO4',54,'6L06H','ID072',1,9),('042J','R9',55,'L91C9','ID078',0,-1306484293),('Y4WORMSPAYW1','9Z471S',56,'3HAYL','ID021',0,-2028912932),('6PR49','X6J4KW5D',57,'AEZ88','ID033',1,-731917502),('74N466QR3U1WBL1832VV0H1O9ON99SMC8YN8TIE7Q','2RD',58,'6JO6M','ID065',1,-6),('88X552','2QTMDC37S',59,'3OMAL','ID005',0,-841398972),('17','V85R12XML3FLN27P3LZ',60,'3E03L','ID087',1,-333306070),('35BQ94','YB5DR88',61,'11E7H','ID099',0,7),('OR6S006U2CW','995',62,'P50F1','ID084',1,-1974791174),('L5','XZ4M919800557508B6',63,'60SHU','ID033',0,8518),('BUWHSOQ56YJYYBFPCTXOHGB','279',64,'1V8RH','ID011',0,-1026991007),('P89','2QH',65,'60SHU','ID099',1,594),('W6','J21',66,'9V0FR','ID045',1,-340488623),('ECPS5796K206V744V22','KP3',67,'113TJ','ID097',0,-1530603260),('OWP89Z702','4',68,'L91C9','ID054',0,722),('F0M','W1V',69,'05V2Q','ID026',0,-797487390),('7','67PXIH6P',70,'9PGEH','ID071',1,-233050148),('DWF7J5','J6',71,'1EMNR','ID039',1,-6),('IC68NF81O16LVA80448VU','0IM399687P',72,'1EMNR','ID036',0,-901534137),('W2ZKHIP19S502F77Z0TTZNSP04W61AT95I1T345EC8E2TI03187RU6','573G3WGIA5595',73,'09YA3','ID047',0,69),('83','12H',74,'8NCOQ','ID029',0,-847921619),('K4QSH4T','7',75,'063CR','ID004',0,-527416533),('3XM05GQG44DHMYT6Z','2112O9CDOCR7UMW',76,'5CZZH','ID059',1,-1146810317),('926VJN8194TORW0OW9','6S',77,'6JO6M','ID092',0,-1935864791),('U99P2A678DGZ054E99J0XK84OK7BYDZ4442A4O8','25',78,'754LR','ID097',0,-1550197677),('S8PNNVMPNUM4','9405275B',79,'5762L','ID026',0,-89465020),('NJB02BQ4NK5JIPAKY5TR49L5N6JU57F6D92AMX0JM96Q0RRUVY8V9','7',80,'C2HT0','ID048',0,-1145065966),('EX71','D',81,'99X8R','ID068',0,-444384301),('W','Y3O434',82,'2K1JB','ID077',0,-1072311990),('02YBVR2R','VK53',83,'SIAA6','ID004',0,-169367529),('X3R2W5POZ68255RU1TH0T9I','9L',84,'4O6HB','ID032',0,-959728803),('37SHI9NA3H44EO3566','5TXYDP',85,'AH8WB','ID079',1,-1371603582),('4E4ZLBT9IT13','O98555VJZ',86,'1RHTM','ID041',1,-1978097233),('23G9XM4Q38P3O0','L01X5HRN',87,'68LJ8','ID099',1,-267602982),('IH2U00F9968NA41033674PVZ225ZIG1T5BFRAB3P','G',88,'05V2Q','ID072',1,-1015099314),('NSCM82','RVA5R59',89,'6VD4Q','ID057',0,-970260093),('94WO61IWPGP','74',90,'9PGEH','ID085',1,-1812595740),('Y36537Z2Z3','12',91,'95VCM','ID005',1,-5),('LCW688LE','8B4P6R9T1H',92,'35FWH','ID039',0,-692125822),('OB','M26RYE622CP',93,'36Y8R','ID096',0,-356504269),('3BK9X6VY','366',94,'34J1R','ID088',1,-1007837141),('2EIL890VB4','3IUSE0',95,'9PGEH','ID049',1,-602490890),('8N','0YF4S1',96,'773QM','ID021',1,-6518),('G9','DCQ',97,'698HH','ID048',0,-4),('NNLFMN9SR15','DWUBV62Q1',98,'9PGEH','ID022',0,-453641263),('JA','83744F6',99,'63XB0','ID074',1,-31),('RJLCHPYPW','J0VN',100,'427I9','ID046',1,-625660630),('','2019-07-31 15:25:39',102,'01494','ID000',0,0),('','2019-07-31 15:31:43',103,'01494','ID000',0,0),('','2019-07-31 16:22:18',104,'01494','ID000',0,0),('***','2019-07-31 16:41:25',105,'01494','ID000',0,0);
/*!40000 ALTER TABLE `course_comment` ENABLE KEYS */;
UNLOCK TABLES;

--
-- Table structure for table `course_comment_praise`
--

DROP TABLE IF EXISTS `course_comment_praise`;
/*!40101 SET @saved_cs_client     = @@character_set_client */;
 SET character_set_client = utf8mb4 ;
CREATE TABLE `course_comment_praise` (
  `course_comment_praise_id` int(11) NOT NULL AUTO_INCREMENT,
  `ID` varchar(40) DEFAULT NULL,
  `course_comment_id` int(11) DEFAULT NULL,
  PRIMARY KEY (`course_comment_praise_id`),
  KEY `FK_Relationship_23` (`course_comment_id`),
  KEY `FK_Relationship_24` (`ID`),
  CONSTRAINT `FK_Relationship_23` FOREIGN KEY (`course_comment_id`) REFERENCES `course_comment` (`course_comment_id`) ON DELETE RESTRICT ON UPDATE RESTRICT,
  CONSTRAINT `FK_Relationship_24` FOREIGN KEY (`ID`) REFERENCES `user` (`ID`) ON DELETE RESTRICT ON UPDATE RESTRICT
) ENGINE=InnoDB AUTO_INCREMENT=101 DEFAULT CHARSET=utf8;
/*!40101 SET character_set_client = @saved_cs_client */;

--
-- Dumping data for table `course_comment_praise`
--

LOCK TABLES `course_comment_praise` WRITE;
/*!40000 ALTER TABLE `course_comment_praise` DISABLE KEYS */;
INSERT INTO `course_comment_praise` VALUES (1,'ID033',5),(2,'ID012',16),(3,'ID040',14),(4,'ID006',18),(5,'ID042',81),(6,'ID027',70),(7,'ID003',23),(8,'ID077',89),(9,'ID044',78),(10,'ID081',17),(11,'ID073',63),(12,'ID027',47),(13,'ID018',96),(14,'ID017',35),(15,'ID008',86),(16,'ID051',36),(17,'ID027',36),(18,'ID089',32),(19,'ID013',43),(20,'ID033',61),(21,'ID097',60),(22,'ID088',85),(23,'ID019',91),(24,'ID015',7),(25,'ID072',95),(26,'ID024',83),(27,'ID033',99),(28,'ID094',15),(29,'ID065',9),(30,'ID060',50),(31,'ID074',46),(32,'ID083',20),(33,'ID017',87),(34,'ID044',69),(35,'ID027',54),(36,'ID048',22),(37,'ID031',76),(38,'ID024',6),(39,'ID065',21),(40,'ID037',37),(41,'ID045',7),(42,'ID073',89),(43,'ID096',14),(44,'ID022',58),(45,'ID093',58),(46,'ID069',66),(47,'ID032',96),(48,'ID031',51),(49,'ID092',34),(50,'ID082',23),(51,'ID063',37),(52,'ID019',87),(53,'ID090',13),(54,'ID063',14),(55,'ID095',57),(56,'ID009',95),(57,'ID051',54),(58,'ID050',8),(59,'ID046',35),(60,'ID098',1),(61,'ID009',77),(62,'ID062',24),(63,'ID080',49),(64,'ID071',97),(65,'ID021',28),(66,'ID056',97),(67,'ID044',88),(68,'ID099',9),(69,'ID047',33),(70,'ID006',49),(71,'ID016',50),(72,'ID038',17),(73,'ID016',2),(74,'ID023',14),(75,'ID032',9),(76,'ID045',44),(77,'ID079',12),(78,'ID070',52),(79,'ID030',64),(80,'ID017',55),(81,'ID063',44),(82,'ID079',71),(83,'ID040',29),(84,'ID027',75),(85,'ID029',5),(86,'ID068',28),(87,'ID003',28),(88,'ID055',3),(89,'ID032',11),(90,'ID030',12),(91,'ID094',96),(92,'ID067',77),(93,'ID087',48),(94,'ID066',5),(95,'ID035',78),(96,'ID080',47),(97,'ID025',42),(98,'ID009',100),(99,'ID080',63),(100,'ID084',95);
/*!40000 ALTER TABLE `course_comment_praise` ENABLE KEYS */;
UNLOCK TABLES;

--
-- Table structure for table `course_comment_reply`
--

DROP TABLE IF EXISTS `course_comment_reply`;
/*!40101 SET @saved_cs_client     = @@character_set_client */;
 SET character_set_client = utf8mb4 ;
CREATE TABLE `course_comment_reply` (
  `course_comment_reply_id` int(11) NOT NULL AUTO_INCREMENT,
  `course_comment_id` int(11) DEFAULT NULL,
  `ID` varchar(40) DEFAULT NULL,
  `course_comment_reply_content` varchar(500) DEFAULT NULL,
  PRIMARY KEY (`course_comment_reply_id`),
  KEY `FK_Relationship_38` (`ID`),
  CONSTRAINT `FK_Relationship_38` FOREIGN KEY (`ID`) REFERENCES `user` (`ID`) ON DELETE RESTRICT ON UPDATE RESTRICT
) ENGINE=InnoDB AUTO_INCREMENT=101 DEFAULT CHARSET=utf8;
/*!40101 SET character_set_client = @saved_cs_client */;

--
-- Dumping data for table `course_comment_reply`
--

LOCK TABLES `course_comment_reply` WRITE;
/*!40000 ALTER TABLE `course_comment_reply` DISABLE KEYS */;
INSERT INTO `course_comment_reply` VALUES (1,1,'ID076','U58'),(2,2,'ID038','14Y10MUHY0XT8B9PXR9J938P28T3GPUX50L7N4HZX00CR0XY9W'),(3,3,'ID055','W'),(4,4,'ID008','RZ1B0W'),(5,5,'ID035','Q0JM48L'),(6,6,'ID031','J5LJSQN'),(7,7,'ID025','5CH8YSL'),(8,8,'ID039','E'),(9,9,'ID074','ZXS30'),(10,10,'ID054','B6H0CQ77'),(11,11,'ID067','4OD87WV95'),(12,12,'ID084','835I2091JZ'),(13,13,'ID020','138897'),(14,14,'ID002','O9'),(15,15,'ID003','685DM'),(16,16,'ID043','Z'),(17,17,'ID035','ECWDS'),(18,18,'ID041','4E'),(19,19,'ID038','VULXZO6H68Z4XH7725001XO80HV9TU4XT667K4B9D'),(20,20,'ID078','1'),(21,21,'ID093','03WGK57YHI5R97Q'),(22,22,'ID012','51REAV0Z8770W4VNT4G'),(23,23,'ID080','DGN5QZO'),(24,24,'ID081','N328ZC'),(25,25,'ID001','KFR3R586T951P43H6H9M4'),(26,26,'ID004','P42'),(27,27,'ID091','JJO2WUS7BHM9Q'),(28,28,'ID039','VJM5O4L337C8Q0L838FONT887F89ZD6K5U4PX1UF4NM9O5WJRO30SW5W22K09YJZ14Y0O2Z6A690I3Z55'),(29,29,'ID019','52L2461569SC1EPNLB52I335038FUI69445GR322OH9K8307DD'),(30,30,'ID009','VMCRGI2'),(31,31,'ID067','7'),(32,32,'ID076','4D1'),(33,33,'ID003','77'),(34,34,'ID017','NH40LIO'),(35,35,'ID046','UQK09H0XP4669Q5605T38I7MUFUPFFTDVPO'),(36,36,'ID085','04L2Q9T5V2814JP19TU9X70RIQ4'),(37,37,'ID030','ZHA63P'),(38,38,'ID009','O'),(39,39,'ID051','8K54J8D547BXEYK5FJ23GPU0'),(40,40,'ID092','54P2G67FQ43QF85N4EP97B2C5Q851B77QL'),(41,41,'ID047','88RYX51'),(42,42,'ID019','JB2SH18P1T07C50459U89F5503I4KH83620C9N200T7N67X0Z697XO531S1191G9B5210'),(43,43,'ID026','ZQR825CZ5SX6E'),(44,44,'ID009','HGJ21P629S5'),(45,45,'ID050','9586A8A4R7Q282I7V08599OUKG1976V0I61NW6N8OC7LXP6D26GC305CA0IYG41G5V37VAY7N7J2847'),(46,46,'ID069','E8X69I53Q32646Z'),(47,47,'ID055','UAXW3FHXG63L6S57'),(48,48,'ID029','VSS1H53C5MV'),(49,49,'ID011','CGZ3JJ497378NQSVJAP07'),(50,50,'ID051','6'),(51,51,'ID074','0GW5P6LP52'),(52,52,'ID041','3ZSKV11432P0324LD3MAV6ST'),(53,53,'ID082','019412FS68723AXEK70K88TY411W914829G045OB54IUW4LC3P30R12NE0N'),(54,54,'ID040','66KZUS1Y45KEHD267Z7CSN'),(55,55,'ID041','1N8V9K166N7A10NKRRFM9H9063K1MSASU201TMAR59GWRE9LH00564I'),(56,56,'ID022','3L7'),(57,57,'ID015','6RU28409T51O4P1948F245XDFZ6CK9031'),(58,58,'ID077','OC8F8733B8IH7540Q0N5FX4I0S47X441'),(59,59,'ID063','Z6G'),(60,60,'ID007','5THBD'),(61,61,'ID034','PZ46SG0U'),(62,62,'ID036','QG093FJGC19OZQW820L52T42RK1'),(63,63,'ID008','067186821Q37YFP'),(64,64,'ID044','SJ4X6PD1LZLM29Z0Q'),(65,65,'ID038','5194993JT5R'),(66,66,'ID016','4BX4S96I014M1GL5T181KVTZ73W'),(67,67,'ID094','XK79Z19Z013T1U64WR210YMT4HP64'),(68,68,'ID009','55'),(69,69,'ID020','X018Q1TDZ2B85Q10LS19220VW2898ER'),(70,70,'ID015','335AY88V72SD0U989H52G'),(71,71,'ID043','EK58103QN4QK1CK0938QK215S954G1P2T64ZH2AU4PYL2WK1B75'),(72,72,'ID078','71'),(73,73,'ID046','POA475U55Q5'),(74,74,'ID039','EF5JW36Z6ZH'),(75,75,'ID039','39Q8CVRE88CQUOH1RWI670QU27VW7TS3S60F1428U420I'),(76,76,'ID081','4579ZUT8A6M'),(77,77,'ID090','23PYFF96AK6EC'),(78,78,'ID016','OU4'),(79,79,'ID067','3'),(80,80,'ID060','E'),(81,81,'ID094','YZDRT'),(82,82,'ID052','T1266B16A5KN68S55R2WU3OR3N36081E4V15'),(83,83,'ID020','94029786211HYM6'),(84,84,'ID056','GOY6R5W9SEPLN37I7DNQ1PY5DL2081'),(85,85,'ID034','XYQ71G3T19'),(86,86,'ID077','NSSZB55Z5BTVY27TLWE'),(87,87,'ID083','4O87A7AA066G'),(88,88,'ID089','M4VF71610G43O9FFQ'),(89,89,'ID021','XV4ELK5F697B257R'),(90,90,'ID048','272'),(91,91,'ID077','8G3ZK57CX53JJ3H4'),(92,92,'ID088','2FTXDR24Y8VHG2DU'),(93,93,'ID002','DLNROZ6N7HZCE7TFP90TLJ5530DBG894JS1ZH295CC0'),(94,94,'ID093','6347VH07JCA3B3S6777IPM947L82L'),(95,95,'ID079','SAY4679LAVK218VF53445R82AI625'),(96,96,'ID044','1LJ1Q'),(97,97,'ID034','822WF3KEW1T7M5074308LKL6D7IAR'),(98,98,'ID078','97DG7W8SZEO8RC'),(99,99,'ID056','760PUV2E4749VB06780ZV8IZ831P5G8BH3B7DK46P1YP5D3G4'),(100,100,'ID004','01BO5MF7AV2RF915IME34I688OGFQWY824H193Y0TDP7G8H46YX15X8G85E40L');
/*!40000 ALTER TABLE `course_comment_reply` ENABLE KEYS */;
UNLOCK TABLES;

--
-- Table structure for table `course_comment_report`
--

DROP TABLE IF EXISTS `course_comment_report`;
/*!40101 SET @saved_cs_client     = @@character_set_client */;
 SET character_set_client = utf8mb4 ;
CREATE TABLE `course_comment_report` (
  `course_comment_report_reason` varchar(300) DEFAULT NULL,
  `course_comment_report_id` int(11) NOT NULL AUTO_INCREMENT,
  `course_comment_id` int(11) DEFAULT NULL,
  `ID` varchar(40) DEFAULT NULL,
  `course_comment_report_time` varchar(30) DEFAULT NULL,
  `course_comment_report_ishandled` tinyint(1) DEFAULT NULL,
  PRIMARY KEY (`course_comment_report_id`),
  KEY `FK_Relationship_15` (`course_comment_id`),
  KEY `FK_reprot_course_comment` (`ID`),
  CONSTRAINT `FK_Relationship_15` FOREIGN KEY (`course_comment_id`) REFERENCES `course_comment` (`course_comment_id`) ON DELETE RESTRICT ON UPDATE RESTRICT,
  CONSTRAINT `FK_reprot_course_comment` FOREIGN KEY (`ID`) REFERENCES `user` (`ID`) ON DELETE RESTRICT ON UPDATE RESTRICT
) ENGINE=InnoDB AUTO_INCREMENT=101 DEFAULT CHARSET=utf8;
/*!40101 SET character_set_client = @saved_cs_client */;

--
-- Dumping data for table `course_comment_report`
--

LOCK TABLES `course_comment_report` WRITE;
/*!40000 ALTER TABLE `course_comment_report` DISABLE KEYS */;
INSERT INTO `course_comment_report` VALUES ('9YF',1,16,'ID098','Z87TV556YP',1),('09',2,21,'ID004','4N',0),('PP1HRHYJ',3,70,'ID039','K2P98I5',0),('GY7WG8GPMTE6D',4,64,'ID062','80SB391D',0),('EMJ2W122VU4W593K9DVS3SWWB1Z',5,52,'ID098','4',1),('H25OP64021100B95PLX37M426169QPV',6,23,'ID084','PVG07',0),('M8PD1YCG7Q9',7,56,'ID058','FC3W3216Q',0),('91TOGBIUU3H52FKI1DDC6QJM3P',8,38,'ID060','VI2U',1),('27P62MOSZ',9,57,'ID077','1N',0),('O38M2Y968',10,20,'ID021','FY37WTQ',1),('AT0PFE6MJ8I43IWOBXZ08UZ1ZK',11,51,'ID023','KD',0),('C40DD213GONOX7QYFB40S6D9',12,67,'ID077','TON691U27KCS7O1',1),('VZ80ZC4',13,80,'ID040','VFW3B',1),('1L0RY6JJ2YMB5BTD111RN',14,28,'ID007','2OF',0),('O1A3U5T',15,15,'ID011','X2Q55MM15160',0),('35AM6737NQV520DJ57VLPU86E91S1',16,40,'ID043','9Z566J5NXZ0759L21EN',1),('80H4PT3O36016S87G0W0F7K',17,12,'ID007','7',0),('Z73ON3G09OD4HUE2J61UHWD6KY812KJV7LC',18,98,'ID079','0S928',0),('BOA6BZ18ZC2WL512Q4U',19,52,'ID052','I6CTT',1),('8TK8T263DPA5DAWH69B472G4G36V',20,52,'ID054','6268',0),('QPDM63K33B76ZK72KF1H9IZ01ZWM0EB2S654K3',21,78,'ID088','620CY2ADV',1),('JD86K35N5355LY',22,58,'ID085','0U4596',0),('CK4YC1X6AL2HWC01370XX8UA8YRXHHU20J3WYTS4P',23,6,'ID044','742RV70X',1),('K4Y5MHEIC',24,77,'ID083','66',1),('9S9',25,91,'ID028','Z',1),('N3P1C2YW34MWT5BG2Z6610C9ZA6R634C13E',26,36,'ID017','H',0),('7JQ3O4O1139LJ04Z1YL1QI',27,18,'ID050','8ZC61',0),('7IKI68209HVPT4B',28,57,'ID065','6509P96U9C2EP0ENY',0),('Y771L5L8RH7Y7Z3NJ5XAVCIED9',29,78,'ID024','O1',1),('5D6167N2CNRR6X1P88U5GR8K221221T',30,91,'ID066','N7G',1),('X5',31,4,'ID073','33TS',1),('5L760MUZUEP',32,21,'ID016','0IZ0V30LI',0),('9',33,6,'ID038','Z',0),('SB3UN1K2A1X2TLPL02OALJ00YV4CZ14121OD73417GV15Z7',34,31,'ID055','8B',0),('0PR28Y4T0Y565BM6V7095EPBDLS27',35,10,'ID039','89YZ1W0',1),('9288E1045V095HN4CY6P2P0YZ37',36,64,'ID024','H4279594W3NS3BM',0),('Z4U6KOOS1873S26DBEU03C7U5BD21BO',37,66,'ID096','M39L',0),('S1',38,7,'ID022','ACK948KR',0),('438Y1',39,9,'ID007','0E',1),('09S5D5QS',40,80,'ID007','1EA7A',0),('888G354DAY451ZNR2HMBX4Z4WUKCZD8Y2ZA2MTU736PD2TBPO9C19Y94DC0U43GH9G7',41,49,'ID077','L117N',0),('LBZQF55FJ58K9HMO9GT44434ICSX0YWTSS18Y9UQCAD105Q9763KSZ2J01P33VJ7BEY8',42,27,'ID045','RM7I78O0698N5',1),('P',43,10,'ID014','7L6T07M325',0),('9D2KG35M',44,80,'ID018','N7',0),('79WX4',45,100,'ID007','3B2',0),('L99316FF5',46,9,'ID008','DEF7T66O2480',0),('7',47,95,'ID026','21Y',0),('93FUL30763TWPBI5JJ3TY1UOWP',48,97,'ID007','1',0),('BD24M8YLU5',49,95,'ID056','H',1),('IZ99',50,9,'ID016','Y7VJN34',1),('2MAQ3PQ4J6OLY',51,57,'ID013','X3073O0',1),('PAV22W43JVF216YU9ZW3G8',52,87,'ID013','6YN7511G91OOV376DX65W5EIB4',0),('THI5VDPJ9RQLOY71923S80N7PYSD12FD78CWEV658I27P2803ENC3TCIKUYF1WJE8',53,15,'ID072','3I1OLJH',1),('C31',54,15,'ID064','M8',1),('O8YC3H',55,51,'ID003','3',1),('8E8JM9X9C70293K7',56,72,'ID072','N',0),('72RRCO2',57,27,'ID012','5',0),('RB2R75RVGJVJ80VK313Y7916LQ6838U0B65J240A04OVN',58,40,'ID068','1OIV2S3BN40',1),('O',59,41,'ID009','D',0),('451WMD2HZ87KA9',60,10,'ID060','F5R7',1),('7DP4',61,95,'ID056','5KH14HK8575QZW59UL',0),('J93SE3756SL6P44AGF225CZM0V1QVSK1GDTL',62,27,'ID035','NW',1),('9EU074Y6044RZ93Y3PRZ7N',63,77,'ID004','C',1),('7P5TA484O7IQM',64,1,'ID036','34H',0),('46395O3320ZEG59GJRQ5Z1K',65,71,'ID084','I042',1),('2M1450KQ5L69537958952NXT4C16SVM4GJ4IPALHYS62N4611S4XN946HPDP7I5G9N0I5X',66,52,'ID035','MURDIF7R4LYPSP320',1),('59',67,89,'ID051','8GVH8I4U599',1),('5G',68,44,'ID056','U',0),('S24TA6W',69,34,'ID078','2A8VTR2C43',0),('3221GV38CVUPP9',70,50,'ID060','DO',0),('LGZS1FQ',71,7,'ID043','KF209LE63PQ9M',1),('MBS8J47F',72,31,'ID081','S9',1),('Q4C042059YOZ92760Q80B8P2E9W6D2985',73,9,'ID020','FWDNZS37N4ZDK5',1),('OC6KGJJ3JV2C679UKT1DKDSIB122THAWS192A86',74,19,'ID076','7L9J1FN5KO7',0),('4',75,79,'ID022','J3CO3',0),('8N4P0UAWJO193',76,10,'ID010','7Y',0),('6S09XFQK9S457BT06795W57G47641UZQ3569H67WW3QJ9CE',77,90,'ID048','Q',0),('GZUM6',78,91,'ID023','U',1),('3S5Q1409DA85SCU5YDRXA0FZE62LKCF7T9B5O0C9K65AAPS1',79,84,'ID087','X65',0),('5PIJB9E9OVNVB37F7B1229YFL7W986101E00',80,15,'ID051','7F0760T3G01OV4UG5IXHXR39',1),('AM69CZNC8M4K0H9N65543J1KY22O015YNIC5EXXQ1QMZ3D6NXJNR4XY22934JZG63WV',81,74,'ID081','J7',1),('L95VZ2Q0G9418I1HL',82,98,'ID003','Q9JCXU2MM2E9X765',0),('776GF710',83,62,'ID077','QRR3JNZUG2',1),('7',84,51,'ID025','IF6',0),('3G32',85,16,'ID033','KRYOT6',1),('92Z0641506W3KYGFR84YK5EGPN3B40B85003VA0F0A99991G7Z727HB417YK',86,35,'ID005','7',0),('F088C3I',87,61,'ID092','A',0),('YUP39MN',88,31,'ID081','R',0),('S7',89,10,'ID024','2N0',0),('09C2I1N5KWFS',90,15,'ID011','FNV3GX2',1),('U3XHN9',91,56,'ID072','SY5238EF97',0),('367VB2LRY56Q8Y22J32V415XC4P7PX',92,46,'ID097','B504F8E7',0),('766',93,42,'ID057','MSE4K',1),('7O3922K5MVXHAMR8Y92F054TR',94,34,'ID078','6DR54KYK24D0TWY',1),('4F23Q6M22K383R6J62435643E5XGR5U',95,88,'ID040','A',0),('LOF657Y2TO749GS0B4JCZ6686K75',96,46,'ID076','9',0),('BF701',97,80,'ID040','MX295D7FJ27ZX81O',1),('QTKW8B',98,72,'ID093','UMY',1),('9',99,25,'ID014','EX',0),('G3712334K254F9I',100,49,'ID018','Z',1);
/*!40000 ALTER TABLE `course_comment_report` ENABLE KEYS */;
UNLOCK TABLES;

--
-- Table structure for table `course_evaluate`
--

DROP TABLE IF EXISTS `course_evaluate`;
/*!40101 SET @saved_cs_client     = @@character_set_client */;
 SET character_set_client = utf8mb4 ;
CREATE TABLE `course_evaluate` (
  `course_evaluate_time` varchar(30) DEFAULT NULL,
  `course_evaluate_id` int(11) NOT NULL AUTO_INCREMENT,
  `ID` varchar(40) DEFAULT NULL,
  `course_id` varchar(6) DEFAULT NULL,
  `course_evaluate_praise_point` int(11) DEFAULT NULL,
  `course_evaluate_point` int(11) DEFAULT NULL,
  PRIMARY KEY (`course_evaluate_id`),
  KEY `FK_Relationship_19` (`course_id`),
  KEY `FK_evaluate_course` (`ID`),
  CONSTRAINT `FK_Relationship_19` FOREIGN KEY (`course_id`) REFERENCES `course` (`course_id`) ON DELETE RESTRICT ON UPDATE RESTRICT,
  CONSTRAINT `FK_evaluate_course` FOREIGN KEY (`ID`) REFERENCES `user` (`ID`) ON DELETE RESTRICT ON UPDATE RESTRICT
) ENGINE=InnoDB AUTO_INCREMENT=104 DEFAULT CHARSET=utf8;
/*!40101 SET character_set_client = @saved_cs_client */;

--
-- Dumping data for table `course_evaluate`
--

LOCK TABLES `course_evaluate` WRITE;
/*!40000 ALTER TABLE `course_evaluate` DISABLE KEYS */;
INSERT INTO `course_evaluate` VALUES ('3',1,'ID022','5CZZH',-118836618,-1296762022),('ER',2,'ID011','987YV',-502746807,-973658950),('74M1CAK768',3,'ID000','S6445',-1329268339,7691),('2',4,'ID061','6NL3J',-1612669135,-1404247616),('73V2',5,'ID004','00R5M',-531727704,-933486699),('W8A1272',6,'ID046','79OZV',-46,-2881),('49WHOH4T',7,'ID053','2C7SV',-662705001,-1841533059),('014YV692Y0',8,'ID072','1V8RH',-1040399935,-241293207),('98N26PNO',9,'ID010','C2HT0',-99,-53635403),('0',10,'ID056','113TJ',-1836108288,-819653370),('3',11,'ID005','113TJ',-1461066040,-497388298),('3M',12,'ID056','9915H',-952008283,-485218831),('389N4W2',13,'ID017','S6445',-458748608,-1453786673),('3',14,'ID019','6NL3J',-1932581729,2816),('C36M937I',15,'ID041','0PR3M',-691685898,-1021879690),('4',16,'ID035','1PPYM',-311707162,-1891388557),('V17NL',17,'ID026','68LJ8',-795658600,13),('LN510G',18,'ID017','427I9',-2048768005,-412797914),('2',19,'ID080','2LC1V',-144609774,-807144756),('JN46GF2P2ED2143KZ9',20,'ID053','00R5M',-83,-594),('50M',21,'ID042','01XTV',-147041447,14),('8',22,'ID001','754LR',1590,-450828051),('N3VK44',23,'ID018','6L06H',-1907779379,-297087653),('WX2H8Q2J6',24,'ID026','063CR',-219614712,-2111475580),('7MT5AJ8YN2M924WMR0VC31V',25,'ID070','60SHU',-1236687919,-29863588),('8S71T',26,'ID099','63XB0',-1230318235,6),('X9',27,'ID050','1PPYM',-539044830,-1267583785),('15ASO',28,'ID062','9B38B',5,-67153068),('KY5Q18',29,'ID019','1P67H',-1430712123,-204807927),('23SOG',30,'ID007','1RHTM',-1045042092,-420964464),('K61I188225L',31,'ID099','754LR',-68,-405750430),('8',32,'ID020','CI465',-485759279,-1917479195),('BELW',33,'ID011','8TF5Q',-1337806866,-1160075489),('F6IJIS10U6U2I',34,'ID068','99X8R',-1800878734,3256),('3BBBVYLDE6R',35,'ID072','987YV',-2146422228,-5),('C',36,'ID009','36Y8R',-1644987063,-282054103),('A25DV467KD4701B52YE0I796725MN3',37,'ID068','AEZ88',86,-7975),('L1F0H457D',38,'ID095','486BQ',-33,97),('39W',39,'ID086','6JF9M',-1431222487,-289982587),('R342BZ58',40,'ID058','2K1JB',7,-1947758362),('FJBC8X3',41,'ID070','6VD4Q',-868974766,-639484130),('VM7Y',42,'ID024','A3UEB',-380,-64),('W60OZ35',43,'ID096','9V0FR',-1255656416,-910832798),('P',44,'ID094','2JP5G',-1563813169,-126),('3848M6NMJVZ7',45,'ID036','08K1B',-1281492966,-1890561206),('E',46,'ID020','SIAA6',-1099458202,-863003292),('H5I8A94SN',47,'ID073','9V0FR',-720743110,-299438989),('E16Q',48,'ID027','4GOGH',-1368876062,-6),('5',49,'ID037','09YA3',-1591916137,-711714761),('XUM969FI',50,'ID024','6L06H',-1783257347,-756318020),('H',51,'ID042','773QM',80,-49),('7O718297148T41',52,'ID092','987YV',-3,-89),('MJ0GU2A60D',53,'ID038','4ZNGV',-406,-758535588),('1DND5',54,'ID091','35FWH',-2138661655,-1550387188),('L578',55,'ID008','9V0FR',-920229539,-1706904394),('BP',56,'ID061','4O6HB',-2007581169,-54),('9HZ44',57,'ID030','9PGEH',-6,-74),('EI7L',58,'ID093','3R8CL',-1655506715,-1521524789),('745G56UL6VG3',59,'ID025','35X7J',-1880980631,161),('GHO',60,'ID066','5CZZH',-594972978,-688074910),('44Z4ZD',61,'ID011','754LR',-192940553,-6716),('220H989FS34',62,'ID025','U51M7',-1271363687,-2305),('37ZYU537',63,'ID043','1RHTM',-794326857,-887111936),('58',64,'ID088','1EMNR',-1036247405,-1302114750),('IGK1V',65,'ID002','6JF9M',-912764670,-1524031787),('Q3',66,'ID074','0PR3M',-1648575086,-33010834),('L',67,'ID098','113TJ',-3432,-1335612596),('P',68,'ID017','68LJ8',5,-1823644472),('715B0829EY8A',69,'ID098','8NCOQ',-116134751,6),('X6',70,'ID050','7B1WQ',-1458090597,-708795285),('9',71,'ID085','68LJ8',3,-854101103),('ZVYC150',72,'ID031','60XRR',-785499882,-2113985802),('KH7RQ',73,'ID081','8ZE3R',-1679487523,-1847870963),('5YXST6',74,'ID014','3HAYL',-1692000214,-6471),('H20OP1DE0J',75,'ID081','8PY7Q',-883,-904),('0L1EGPR',76,'ID020','8ZE3R',-951962049,-841271410),('22L68940X',77,'ID076','00R5M',-762852106,-320554304),('4N29R',78,'ID019','6U59V',4136,-110886835),('V6HRN49G2D07',79,'ID007','99X8R',-2075176309,-63),('2C',80,'ID064','4O6HB',825,-1485303637),('O7T',81,'ID041','H9F38',-117323006,-8),('40OS7M',82,'ID058','01XTV',-380824033,-538057283),('Y193148228AP',83,'ID001','8PY7Q',-161405280,-512709171),('2433DTCS74E0VBKZ5',84,'ID084','66WYQ',-1103386997,875),('3O04',85,'ID008','2VBLJ',-507089701,-950257806),('QB5',86,'ID035','4GOGH',9,-48),('J8S3',87,'ID072','8KZ7U',8,-498349084),('I',88,'ID024','3R8CL',-752280364,-1514599295),('V9',89,'ID058','8KZ7U',45,429),('2KZQ0T',90,'ID096','CI465',-734770483,-1250219736),('X01KBVN3601X4',91,'ID078','2QBRB',-1430253684,-261446170),('T8695WE02G8S5U0CB6U',92,'ID058','8ZE3R',-1086705617,-863459227),('6',93,'ID008','773QM',-7113,-432468693),('2PQ',94,'ID076','987YV',-677,-1391273289),('4H597JX5I9V570',95,'ID086','6JO6M',-1123035827,-344),('760Q04T7HLI4R1F9V3060JQ78',96,'ID042','6JF9M',-591217183,-72),('BY103SEVO5SBC4L0O',97,'ID064','0DRJB',-1389055893,-1540381900),('RQ70',98,'ID068','8ZE3R',-478370387,-619),('X4J70BY9IF9H5OO5W00',99,'ID084','68LJ8',-847238169,-1434375208),('1',100,'ID064','2K1JB',-1898131564,-7795),('2019-07-31 13:35:08',102,'ID000','01494',0,0),('2019-07-31 13:36:06',103,'ID000','01494',0,0);
/*!40000 ALTER TABLE `course_evaluate` ENABLE KEYS */;
UNLOCK TABLES;

--
-- Table structure for table `course_evaluate_praise`
--

DROP TABLE IF EXISTS `course_evaluate_praise`;
/*!40101 SET @saved_cs_client     = @@character_set_client */;
 SET character_set_client = utf8mb4 ;
CREATE TABLE `course_evaluate_praise` (
  `course_evaluate_praise_id` int(11) NOT NULL AUTO_INCREMENT,
  `ID` varchar(40) DEFAULT NULL,
  `course_evaluate_id` int(11) DEFAULT NULL,
  PRIMARY KEY (`course_evaluate_praise_id`),
  KEY `FK_Relationship_35` (`course_evaluate_id`),
  KEY `FK_Relationship_36` (`ID`),
  CONSTRAINT `FK_Relationship_35` FOREIGN KEY (`course_evaluate_id`) REFERENCES `course_evaluate` (`course_evaluate_id`) ON DELETE RESTRICT ON UPDATE RESTRICT,
  CONSTRAINT `FK_Relationship_36` FOREIGN KEY (`ID`) REFERENCES `user` (`ID`) ON DELETE RESTRICT ON UPDATE RESTRICT
) ENGINE=InnoDB AUTO_INCREMENT=101 DEFAULT CHARSET=utf8;
/*!40101 SET character_set_client = @saved_cs_client */;

--
-- Dumping data for table `course_evaluate_praise`
--

LOCK TABLES `course_evaluate_praise` WRITE;
/*!40000 ALTER TABLE `course_evaluate_praise` DISABLE KEYS */;
INSERT INTO `course_evaluate_praise` VALUES (1,'ID037',89),(2,'ID065',65),(3,'ID035',14),(4,'ID015',75),(5,'ID009',44),(6,'ID054',16),(7,'ID095',27),(8,'ID038',26),(9,'ID060',98),(10,'ID021',40),(11,'ID039',73),(12,'ID089',49),(13,'ID003',25),(14,'ID000',29),(15,'ID028',6),(16,'ID099',92),(17,'ID066',31),(18,'ID085',72),(19,'ID049',31),(20,'ID002',82),(21,'ID054',9),(22,'ID005',10),(23,'ID000',3),(24,'ID040',36),(25,'ID051',94),(26,'ID030',49),(27,'ID080',58),(28,'ID051',13),(29,'ID078',90),(30,'ID024',69),(31,'ID044',87),(32,'ID048',2),(33,'ID041',99),(34,'ID085',47),(35,'ID091',62),(36,'ID006',60),(37,'ID003',35),(38,'ID024',73),(39,'ID043',51),(40,'ID021',86),(41,'ID092',78),(42,'ID098',90),(43,'ID055',81),(44,'ID008',1),(45,'ID057',14),(46,'ID088',61),(47,'ID004',33),(48,'ID029',22),(49,'ID056',99),(50,'ID093',67),(51,'ID060',55),(52,'ID041',21),(53,'ID046',37),(54,'ID001',88),(55,'ID022',20),(56,'ID034',71),(57,'ID042',73),(58,'ID047',69),(59,'ID051',60),(60,'ID048',48),(61,'ID099',46),(62,'ID087',9),(63,'ID091',8),(64,'ID021',58),(65,'ID007',78),(66,'ID034',6),(67,'ID013',45),(68,'ID047',13),(69,'ID096',33),(70,'ID012',44),(71,'ID072',98),(72,'ID095',62),(73,'ID011',89),(74,'ID030',33),(75,'ID004',1),(76,'ID040',87),(77,'ID083',3),(78,'ID089',31),(79,'ID084',77),(80,'ID010',73),(81,'ID076',60),(82,'ID023',38),(83,'ID077',94),(84,'ID069',13),(85,'ID072',40),(86,'ID056',76),(87,'ID084',82),(88,'ID061',73),(89,'ID047',54),(90,'ID073',75),(91,'ID040',67),(92,'ID031',92),(93,'ID059',91),(94,'ID039',90),(95,'ID094',69),(96,'ID059',2),(97,'ID049',23),(98,'ID061',56),(99,'ID092',19),(100,'ID032',19);
/*!40000 ALTER TABLE `course_evaluate_praise` ENABLE KEYS */;
UNLOCK TABLES;

--
-- Table structure for table `course_praise`
--

DROP TABLE IF EXISTS `course_praise`;
/*!40101 SET @saved_cs_client     = @@character_set_client */;
 SET character_set_client = utf8mb4 ;
CREATE TABLE `course_praise` (
  `course_praise_id` int(11) NOT NULL AUTO_INCREMENT,
  `ID` varchar(40) DEFAULT NULL,
  `course_id` varchar(6) DEFAULT NULL,
  PRIMARY KEY (`course_praise_id`),
  KEY `FK_Relationship_25` (`course_id`),
  KEY `FK_Relationship_26` (`ID`),
  CONSTRAINT `FK_Relationship_25` FOREIGN KEY (`course_id`) REFERENCES `course` (`course_id`) ON DELETE RESTRICT ON UPDATE RESTRICT,
  CONSTRAINT `FK_Relationship_26` FOREIGN KEY (`ID`) REFERENCES `user` (`ID`) ON DELETE RESTRICT ON UPDATE RESTRICT
) ENGINE=InnoDB AUTO_INCREMENT=101 DEFAULT CHARSET=utf8;
/*!40101 SET character_set_client = @saved_cs_client */;

--
-- Dumping data for table `course_praise`
--

LOCK TABLES `course_praise` WRITE;
/*!40000 ALTER TABLE `course_praise` DISABLE KEYS */;
INSERT INTO `course_praise` VALUES (1,'ID052','486BQ'),(2,'ID067','058UH'),(3,'ID050','6MHWR'),(4,'ID089','8TF5Q'),(5,'ID090','698HH'),(6,'ID033','1V8RH'),(7,'ID042','60XRR'),(8,'ID064','6MHWR'),(9,'ID022','49IIG'),(10,'ID026','014DU'),(11,'ID002','2QBRB'),(12,'ID027','S6445'),(13,'ID085','66WYQ'),(14,'ID049','1J5FJ'),(15,'ID063','AH8WB'),(16,'ID023','8NCOQ'),(17,'ID030','0PR3M'),(18,'ID085','5R64V'),(19,'ID034','82J0H'),(20,'ID059','17C3L'),(21,'ID031','0U72Q'),(22,'ID054','35FWH'),(23,'ID001','486BQ'),(24,'ID002','L91C9'),(25,'ID072','8ZE3R'),(26,'ID001','6VD4Q'),(27,'ID082','49IIG'),(28,'ID060','60XRR'),(29,'ID088','6MHWR'),(30,'ID020','1J5FJ'),(31,'ID044','2VBLJ'),(32,'ID061','1J5FJ'),(33,'ID016','5WI9R'),(34,'ID079','8NCOQ'),(35,'ID074','3OMAL'),(36,'ID056','3OMAL'),(37,'ID086','36Y8R'),(38,'ID072','60XRR'),(39,'ID028','P50F1'),(40,'ID048','01XTV'),(41,'ID062','A3UEB'),(42,'ID036','8KZ7U'),(43,'ID013','1V8RH'),(44,'ID095','9B38B'),(45,'ID034','2VBLJ'),(46,'ID003','486BQ'),(47,'ID007','C2HT0'),(48,'ID008','427I9'),(49,'ID056','2JP5G'),(50,'ID090','S6445'),(51,'ID035','6NL3J'),(52,'ID062','0DRJB'),(53,'ID086','3407L'),(54,'ID042','AO75H'),(55,'ID048','3HAYL'),(56,'ID099','1V8RH'),(57,'ID042','3HAYL'),(58,'ID037','35FWH'),(59,'ID048','063CR'),(60,'ID049','H9F38'),(61,'ID035','9B38B'),(62,'ID057','2VBLJ'),(63,'ID039','00R5M'),(64,'ID089','9V0FR'),(65,'ID023','60XRR'),(66,'ID025','60SHU'),(67,'ID007','U51M7'),(68,'ID049','05V2Q'),(69,'ID089','2JP5G'),(70,'ID058','01XTV'),(71,'ID023','014DU'),(72,'ID076','35X7J'),(73,'ID093','063CR'),(74,'ID090','698HH'),(75,'ID080','82J0H'),(76,'ID068','9B38B'),(77,'ID058','0DRJB'),(78,'ID039','63XB0'),(79,'ID012','79OZV'),(80,'ID065','1AP6H'),(81,'ID087','62BER'),(82,'ID040','05V2Q'),(83,'ID073','1P67H'),(84,'ID067','36Y8R'),(85,'ID057','6JO6M'),(86,'ID074','4ZNGV'),(87,'ID061','754LR'),(88,'ID099','113TJ'),(89,'ID075','66WYQ'),(90,'ID055','4ZNGV'),(91,'ID067','3E03L'),(92,'ID043','4ZNGV'),(93,'ID010','8PY7Q'),(94,'ID091','7B1WQ'),(95,'ID045','P50F1'),(96,'ID063','34J1R'),(97,'ID042','2QBRB'),(98,'ID054','CI465'),(99,'ID077','1PPYM'),(100,'ID020','05V2Q');
/*!40000 ALTER TABLE `course_praise` ENABLE KEYS */;
UNLOCK TABLES;

--
-- Table structure for table `course_recommend_data_model`
--

DROP TABLE IF EXISTS `course_recommend_data_model`;
/*!40101 SET @saved_cs_client     = @@character_set_client */;
 SET character_set_client = utf8mb4 ;
CREATE TABLE `course_recommend_data_model` (
  `recommend_id` bigint(20) NOT NULL AUTO_INCREMENT,
  `user_id` bigint(20) DEFAULT NULL,
  `evaluate_point` mediumtext,
  `evaluate_time` mediumtext,
  `lcourse_id` bigint(20) DEFAULT NULL,
  PRIMARY KEY (`recommend_id`)
) ENGINE=InnoDB AUTO_INCREMENT=21658 DEFAULT CHARSET=utf8;
/*!40101 SET character_set_client = @saved_cs_client */;

--
-- Dumping data for table `course_recommend_data_model`
--

LOCK TABLES `course_recommend_data_model` WRITE;
/*!40000 ALTER TABLE `course_recommend_data_model` DISABLE KEYS */;
INSERT INTO `course_recommend_data_model` VALUES (20944,-3634281760681791930,'-1296762022','-1383792015730482434',-7368289339517918480),(20945,7387165618925433222,'-973658950','2005122491424688749',-286792071061018300),(20946,-4819489805583785539,'7691','8310467817055151872',-5818291636007655082),(20947,-754145110720098491,'-1404247616','-4026655064267673757',806188788697858404),(20948,6167953496425983207,'-933486699','-2797462712013159615',-7643006586331959426),(20949,-8562955275200262551,'-2881','-2701639689335358317',-4670364150648808416),(20950,3149523551065778822,'-1841533059','-4491420058877783448',1164763252662459548),(20951,-2570176569670135151,'-241293207','-4973152050960103216',-1409409992053799742),(20952,-6356430059846132240,'-53635403','-6164053017672414865',-8590575825425529487),(20953,-6967255617660294454,'-819653370','-3473083983811222033',-4336263812948519572),(20954,6119887483012212929,'-497388298','-1383792015730482434',-4336263812948519572),(20955,-6967255617660294454,'-485218831','-2857364497746677968',1723235279117870080),(20956,3522406266710002605,'-1453786673','1573551373190178975',-5818291636007655082),(20957,-1607769362790414506,'2816','-1383792015730482434',806188788697858404),(20958,6173275008469381376,'-1021879690','8417473684895962934',-6079799502221730190),(20959,4748487238312817621,'-1891388557','-6305049951010035939',-7663120229764036457),(20960,3697359040277565886,'13','20700998510207804',-109400231791372511),(20961,3522406266710002605,'-412797914','-6429379115230500043',5941440380781286948),(20962,-865027890496915297,'-807144756','-4026655064267673757',-7115753114447035701),(20963,3149523551065778822,'-594','4637293748248517981',-7643006586331959426),(20964,5183824201923830787,'14','3900163705884491421',4699228764228446215),(20965,1018078851370848880,'-450828051','-3895340354620576879',-3645104606288088633),(20966,-2398985350216917746,'-297087653','-1230997990114571937',-5374681276446979614),(20967,3697359040277565886,'-2111475580','6353115525586285949',3597876285012572339),(20968,-1757462903915840845,'-29863588','-3013413173150132137',5654614446938699418),(20969,8855406213440268239,'6','-4750377432832463210',-6624885952467151943),(20970,-4461893960013872296,'-1267583785','8923786197518610387',-7663120229764036457),(20971,768807482521208575,'-67153068','7230762890102423994',5667012189150136968),(20972,-1607769362790414506,'-204807927','214784372636864276',-1000435262066234428),(20973,-3666100703858561935,'-420964464','-914773549268922564',1056018461048173601),(20974,8855406213440268239,'-405750430','-7058300734811848520',-3645104606288088633),(20975,-2607776582525205075,'-1917479195','-3895340354620576879',7177772654129641558),(20976,7387165618925433222,'-1160075489','-8328681679881606833',5269075829445560174),(20977,1364944308148874211,'3256','2743696268107811853',4771883103491451854),(20978,-2570176569670135151,'-5','-1856836956009848110',-286792071061018300),(20979,-1851241714107750348,'-282054103','964324710553558337',-3348251979143414215),(20980,1364944308148874211,'-7975','727007888989459875',-6244065479474235436),(20981,-5027201487290427993,'97','7351032693460585716',907679073995292077),(20982,-1168709255025862003,'-289982587','-1881534185973436227',5027896665808537589),(20983,-8015747099506328601,'-1947758362','-7268357507186294439',6604175643760776603),(20984,-1757462903915840845,'-639484130','-2717189115083178511',-8519718198748316998),(20985,7185799782721040144,'-64','-971961376254501968',-3464290889625160699),(20986,7815746078720554333,'-910832798','362074716157656118',2506478695190568278),(20987,6597325486227391555,'-126','4954697203768240242',2862572256525619481),(20988,-1615629749123195465,'-1890561206','6763938238182860425',42405395608667342),(20989,-2607776582525205075,'-863003292','4196967880387277612',-1084117874541482707),(20990,618177246026629981,'-299438989','2640306336498793704',2506478695190568278),(20991,-2983781266987759212,'-6','6278181624496966843',-6941337534543584647),(20992,-2429407108636098258,'-711714761','-1956185668341324987',5357763913888441243),(20993,7185799782721040144,'-756318020','-4822479005357013136',-5374681276446979614),(20994,5183824201923830787,'-49','-4478278907413243366',-3303926866518351002),(20995,-5987577392527040016,'-89','2130149513790020786',-286792071061018300),(20996,4423303951229465775,'-758535588','2790290789450369909',-5757670237141214115),(20997,9091740920458518464,'-1550387188','5342855130331480580',-9204413747685003398),(20998,-8935718652287774345,'-1706904394','6053056407013431975',2506478695190568278),(20999,-754145110720098491,'-54','-7578205775460991341',1002222607620738082),(21000,-7020676250777240194,'-74','-9130773979290752703',-843862228670386781),(21001,7819909055721599404,'-1521524789','-2168782002760271072',-5098900745738991538),(21002,-26554139268597378,'161','8837439460573632770',-4512338399688167168),(21003,4710655788533900809,'-688074910','4693606285409798326',-7368289339517918480),(21004,7387165618925433222,'-6716','-4881772938064120321',-3645104606288088633),(21005,-26554139268597378,'-2305','8227169036808831337',2324260156168462053),(21006,-8157069880798870713,'-887111936','-7481256907806360650',1056018461048173601),(21007,-1258040827941292718,'-1302114750','7417501022687367819',2667374273252626067),(21008,-8063288671186741682,'-1524031787','8657535428612839653',5027896665808537589),(21009,-3963750058138222387,'-33010834','5686910555870162562',-6079799502221730190),(21010,-3391079541928834984,'-1335612596','-3311079470453350673',-4336263812948519572),(21011,3522406266710002605,'-1823644472','4954697203768240242',-109400231791372511),(21012,-3391079541928834984,'6','-8728032905847605593',6678499634522197967),(21013,-4461893960013872296,'-708795285','-2367746814357024167',8721240097251417423),(21014,4602720866028619788,'-854101103','5027297901218201533',-109400231791372511),(21015,-3008711178441534023,'-2113985802','-8823687634960980332',-5206630976115742546),(21016,-354102247929140045,'-1847870963','9072544457651446069',-8632641114695112591),(21017,-7853658717156003575,'-6471','-7851322010225016436',7212148133496435176),(21018,-354102247929140045,'-904','6158474147325261790',5992787031153309466),(21019,-2607776582525205075,'-841271410','2920889870303130734',-8632641114695112591),(21020,7559389568538227840,'-320554304','-2015724168989991395',-7643006586331959426),(21021,-1607769362790414506,'-110886835','-6561430658968700295',3086386652813772952),(21022,-3666100703858561935,'-63','-3949913142262271584',4771883103491451854),(21023,41518568964502592,'-1485303637','5139974243219998617',1002222607620738082),(21024,6173275008469381376,'-8','-2148704414102128524',3291783248295005629),(21025,-8015747099506328601,'-538057283','-2519335005208092243',4699228764228446215),(21026,1018078851370848880,'-512709171','-2966145194192385998',5992787031153309466),(21027,6790405593002123337,'875','109866668084372706',-4611788564234861960),(21028,-8935718652287774345,'-950257806','-4859241403400961985',-620267442788254250),(21029,4748487238312817621,'-48','-7273866111598124902',-6941337534543584647),(21030,-2570176569670135151,'-498349084','1302264960628155523',3772711771170677237),(21031,7185799782721040144,'-1514599295','-2489023324468559984',-5098900745738991538),(21032,-8015747099506328601,'429','4899583554900114412',3772711771170677237),(21033,7815746078720554333,'-1250219736','2376576291857690589',7177772654129641558),(21034,3169827759869660152,'-261446170','283889216898853350',-2098255240501413546),(21035,-8015747099506328601,'-863459227','2073409804730431380',-8632641114695112591),(21036,-8935718652287774345,'-432468693','1619335558399004591',-3303926866518351002),(21037,7559389568538227840,'-1391273289','-2687687215959705066',-286792071061018300),(21038,-1168709255025862003,'-344','-3911261058532018883',8777331927163765048),(21039,5183824201923830787,'-72','7777919061411252502',5027896665808537589),(21040,41518568964502592,'-1540381900','-6518569935981210206',-7413140295771841082),(21041,1364944308148874211,'-619','2125379100690558568',-8632641114695112591),(21042,6790405593002123337,'-1434375208','2617700524360040853',-109400231791372511),(21043,41518568964502592,'-7795','-4266524885998034046',6604175643760776603),(21044,-4819489805583785539,'0','5337431208445908400',6949349099626714563),(21045,-4819489805583785539,'0','-7904149501233151955',6949349099626714563),(21046,-4819489805583785539,'7','-2669443829399128239',42405395608667342),(21047,-4819489805583785539,'0','-2669443829399128239',-7663120229764036457),(21048,-4819489805583785539,'3','-2669443829399128239',1164763252662459548),(21049,-4819489805583785539,'6','-2669443829399128239',-3778985655880710886),(21050,-4819489805583785539,'5','-2669443829399128239',-1198883103637348345),(21051,-4819489805583785539,'2','-2669443829399128239',8721240097251417423),(21052,-4819489805583785539,'4','-2669443829399128239',-6244065479474235436),(21053,-4819489805583785539,'0','-2669443829399128239',338209900364670400),(21054,1018078851370848880,'0','-3643199357668215299',6949349099626714563),(21055,1018078851370848880,'3','-3643199357668215299',8483737959513503634),(21056,1018078851370848880,'6','-3643199357668215299',-4336263812948519572),(21057,1018078851370848880,'9','-3643199357668215299',1056018461048173601),(21058,1018078851370848880,'3','-3643199357668215299',-183679204850884408),(21059,1018078851370848880,'3','-3643199357668215299',-9204413747685003398),(21060,1018078851370848880,'3','-3643199357668215299',-3467360160588330841),(21061,1018078851370848880,'3','-3643199357668215299',7177772654129641558),(21062,1018078851370848880,'1','-3643199357668215299',2324260156168462053),(21063,-8063288671186741682,'5','-3643199357668215299',-9204413747685003398),(21064,-8063288671186741682,'9','-3643199357668215299',-3348251979143414215),(21065,-8063288671186741682,'0','-3643199357668215299',-109400231791372511),(21066,-8063288671186741682,'8','-3643199357668215299',-529209286176756704),(21067,-6017568128856683858,'0','-3643199357668215299',-8089181549741562062),(21068,6167953496425983207,'0','-3643199357668215299',6949349099626714563),(21069,6167953496425983207,'3','-3643199357668215299',-1000435262066234428),(21070,6167953496425983207,'8','-3643199357668215299',-9204413747685003398),(21071,6167953496425983207,'6','-4026440646047660104',1002222607620738082),(21072,6167953496425983207,'2','-4026440646047660104',-4611788564234861960),(21073,6167953496425983207,'6','-4026440646047660104',3086386652813772952),(21074,6167953496425983207,'4','-4026440646047660104',-3464290889625160699),(21075,6119887483012212929,'4','-4026440646047660104',-4336263812948519572),(21076,6119887483012212929,'3','-4026440646047660104',2170398612633881599),(21077,6119887483012212929,'2','-4026440646047660104',-1000435262066234428),(21078,6119887483012212929,'4','-4026440646047660104',-2098255240501413546),(21079,6119887483012212929,'1','-4026440646047660104',-620267442788254250),(21080,6119887483012212929,'5','-4026440646047660104',4537154304715673837),(21081,6119887483012212929,'8','-4026440646047660104',-2789921326506159964),(21082,6119887483012212929,'8','-4026440646047660104',2506478695190568278),(21083,-4466107796376620077,'1','-4026440646047660104',2862572256525619481),(21084,-4466107796376620077,'9','-4026440646047660104',3664685129994024323),(21085,-4466107796376620077,'6','-4026440646047660104',4537154304715673837),(21086,-4466107796376620077,'6','-4026440646047660104',1476424687116058679),(21087,-4466107796376620077,'5','-4026440646047660104',-7767110163794652870),(21088,-4466107796376620077,'7','4592402677401588739',-5206630976115742546),(21089,-4466107796376620077,'4','4592402677401588739',-5374681276446979614),(21090,-4466107796376620077,'2','4592402677401588739',-3357301365559591000),(21091,-4466107796376620077,'8','4592402677401588739',-9022770647942991261),(21092,-4466107796376620077,'3','4592402677401588739',4771883103491451854),(21093,-3666100703858561935,'2','4592402677401588739',-2098255240501413546),(21094,-3666100703858561935,'3','4592402677401588739',3086386652813772952),(21095,-3666100703858561935,'1','4592402677401588739',-9022770647942991261),(21096,-3666100703858561935,'9','4592402677401588739',6904942043212204330),(21097,-8935718652287774345,'7','4592402677401588739',2413048085589122512),(21098,-8935718652287774345,'4','4592402677401588739',-8519718198748316998),(21099,-8935718652287774345,'6','4592402677401588739',-4670364150648808416),(21100,-1851241714107750348,'1','4592402677401588739',5357763913888441243),(21101,-1851241714107750348,'5','4592402677401588739',-4837466255303230313),(21102,-1851241714107750348,'7','4592402677401588739',-2098255240501413546),(21103,-1851241714107750348,'6','4592402677401588739',907679073995292077),(21104,-1851241714107750348,'4','4592402677401588739',-6941337534543584647),(21105,-1851241714107750348,'6','-8251278285754984422',5027896665808537589),(21106,-1851241714107750348,'4','-8251278285754984422',3086386652813772952),(21107,-6356430059846132240,'5','-8251278285754984422',1164763252662459548),(21108,-6356430059846132240,'8','-8251278285754984422',-5098900745738991538),(21109,7387165618925433222,'7','-8251278285754984422',-5608767567669032589),(21110,7387165618925433222,'8','-8251278285754984422',-5098900745738991538),(21111,7387165618925433222,'5','-8251278285754984422',907679073995292077),(21112,7387165618925433222,'5','-8251278285754984422',-8519718198748316998),(21113,7387165618925433222,'3','-8251278285754984422',-1084117874541482707),(21114,6833009281340173341,'0','-8251278285754984422',-7643006586331959426),(21115,6833009281340173341,'6','-8251278285754984422',-1704607572887120666),(21116,6833009281340173341,'0','-8251278285754984422',-5608767567669032589),(21117,6833009281340173341,'3','-8251278285754984422',-1409409992053799742),(21118,6833009281340173341,'5','-8251278285754984422',-2098255240501413546),(21119,6833009281340173341,'7','-8251278285754984422',-7368289339517918480),(21120,6833009281340173341,'7','-8251278285754984422',8777331927163765048),(21121,6833009281340173341,'8','3251213549242969308',806188788697858404),(21122,6833009281340173341,'9','3251213549242969308',-8364702307993896850),(21123,-6964924102657392745,'6','3251213549242969308',-2098255240501413546),(21124,-6964924102657392745,'3','3251213549242969308',-3303926866518351002),(21125,-6964924102657392745,'8','3251213549242969308',5992787031153309466),(21126,-6964924102657392745,'1','3251213549242969308',6904942043212204330),(21127,-6964924102657392745,'7','3251213549242969308',7177772654129641558),(21128,-7853658717156003575,'4','3251213549242969308',-7643006586331959426),(21129,-7853658717156003575,'5','3251213549242969308',5357763913888441243),(21130,-7853658717156003575,'4','3251213549242969308',-4336263812948519572),(21131,-7853658717156003575,'3','3251213549242969308',1056018461048173601),(21132,-7853658717156003575,'4','3251213549242969308',5941440380781286948),(21133,-7853658717156003575,'8','3251213549242969308',2413048085589122512),(21134,-5768850872506348723,'7','3251213549242969308',1056018461048173601),(21135,-5768850872506348723,'1','3251213549242969308',6604175643760776603),(21136,-5768850872506348723,'2','3251213549242969308',5941440380781286948),(21137,-5768850872506348723,'9','3251213549242969308',-4611788564234861960),(21138,-5768850872506348723,'1','7861342138883759057',8777331927163765048),(21139,-5768850872506348723,'3','7861342138883759057',8721240097251417423),(21140,-5768850872506348723,'0','7861342138883759057',-8364702307993896850),(21141,-5768850872506348723,'6','7861342138883759057',-2789921326506159964),(21142,-5768850872506348723,'5','7861342138883759057',2506478695190568278),(21143,3337439903706390742,'2','7861342138883759057',3136530647541797689),(21144,3337439903706390742,'1','7861342138883759057',-4837466255303230313),(21145,3337439903706390742,'7','7861342138883759057',2862572256525619481),(21146,3337439903706390742,'2','7861342138883759057',-9204413747685003398),(21147,3337439903706390742,'6','7861342138883759057',3664685129994024323),(21148,3337439903706390742,'9','7861342138883759057',-3778985655880710886),(21149,3337439903706390742,'6','7861342138883759057',5941440380781286948),(21150,3337439903706390742,'0','7861342138883759057',-8733898097165586124),(21151,3337439903706390742,'5','7861342138883759057',-3303926866518351002),(21152,3337439903706390742,'0','7861342138883759057',6678499634522197967),(21153,3337439903706390742,'3','7861342138883759057',-286792071061018300),(21154,3337439903706390742,'3','7861342138883759057',6904942043212204330),(21155,3337439903706390742,'2','6290187441659340543',-3464290889625160699),(21156,3337439903706390742,'0','6290187441659340543',-7998734440496539393),(21157,3522406266710002605,'2','6290187441659340543',-6079799502221730190),(21158,3522406266710002605,'9','6290187441659340543',-5757670237141214115),(21159,3522406266710002605,'0','6290187441659340543',-3303926866518351002),(21160,-2398985350216917746,'7','6290187441659340543',2862572256525619481),(21161,-2398985350216917746,'4','6290187441659340543',-7115753114447035701),(21162,-2398985350216917746,'8','6290187441659340543',-620267442788254250),(21163,-2398985350216917746,'2','6290187441659340543',-9204413747685003398),(21164,-2398985350216917746,'5','6290187441659340543',2814247227217701690),(21165,-2398985350216917746,'3','6290187441659340543',-7368289339517918480),(21166,-2398985350216917746,'0','6290187441659340543',-8733898097165586124),(21167,-2398985350216917746,'9','6290187441659340543',-5818291636007655082),(21168,-1607769362790414506,'2','6290187441659340543',-4133346124540824132),(21169,-1607769362790414506,'7','6290187441659340543',-1000435262066234428),(21170,-1607769362790414506,'2','4987757982094265775',4537154304715673837),(21171,-1607769362790414506,'7','4987757982094265775',8777331927163765048),(21172,-1607769362790414506,'4','4987757982094265775',5667012189150136968),(21173,-1607769362790414506,'4','4987757982094265775',-6244065479474235436),(21174,-1607769362790414506,'4','4987757982094265775',338209900364670400),(21175,-2607776582525205075,'0','4987757982094265775',7177772654129641558),(21176,-3441358693772066868,'7','4987757982094265775',5357763913888441243),(21177,-3441358693772066868,'3','4987757982094265775',-7413140295771841082),(21178,-3441358693772066868,'8','4987757982094265775',2862572256525619481),(21179,-3441358693772066868,'7','4987757982094265775',-2098255240501413546),(21180,-3441358693772066868,'7','4987757982094265775',2413048085589122512),(21181,-3441358693772066868,'7','4987757982094265775',6428142922280952001),(21182,-3634281760681791930,'7','4987757982094265775',5941440380781286948),(21183,-3634281760681791930,'1','4987757982094265775',-286792071061018300),(21184,-3634281760681791930,'1','4987757982094265775',6428142922280952001),(21185,-5235792364287072234,'3','4987757982094265775',4699228764228446215),(21186,-5235792364287072234,'9','4987757982094265775',6604175643760776603),(21187,-5235792364287072234,'1','-7819503741560458726',-7115753114447035701),(21188,-5235792364287072234,'3','-7819503741560458726',-2098255240501413546),(21189,-5235792364287072234,'2','-7819503741560458726',7212148133496435176),(21190,-5235792364287072234,'3','-7819503741560458726',4537154304715673837),(21191,-5235792364287072234,'5','-7819503741560458726',5941440380781286948),(21192,-5235792364287072234,'9','-7819503741560458726',-8733898097165586124),(21193,-5235792364287072234,'7','-7819503741560458726',806188788697858404),(21194,-5235792364287072234,'1','-7819503741560458726',3772711771170677237),(21195,-5235792364287072234,'2','-7819503741560458726',5269075829445560174),(21196,-5235792364287072234,'2','-7819503741560458726',-8590575825425529487),(21197,7185799782721040144,'9','-7819503741560458726',5357763913888441243),(21198,7185799782721040144,'7','-7819503741560458726',4537154304715673837),(21199,7185799782721040144,'1','-7819503741560458726',907679073995292077),(21200,7185799782721040144,'0','-7819503741560458726',1476424687116058679),(21201,7185799782721040144,'2','-7819503741560458726',-4670364150648808416),(21202,-26554139268597378,'9','-7819503741560458726',4699228764228446215),(21203,-26554139268597378,'3','-7819503741560458726',-7663120229764036457),(21204,-26554139268597378,'3','2631570054749962983',-9204413747685003398),(21205,-26554139268597378,'7','2631570054749962983',-4512338399688167168),(21206,-26554139268597378,'9','2631570054749962983',2506478695190568278),(21207,-26554139268597378,'7','2631570054749962983',-7998734440496539393),(21208,-26554139268597378,'3','2631570054749962983',2324260156168462053),(21209,3697359040277565886,'6','2631570054749962983',4699228764228446215),(21210,3697359040277565886,'6','2631570054749962983',7212148133496435176),(21211,3697359040277565886,'7','2631570054749962983',-3645104606288088633),(21212,3697359040277565886,'7','2631570054749962983',214289226065009176),(21213,3697359040277565886,'6','2631570054749962983',-2789921326506159964),(21214,-2983781266987759212,'0','2631570054749962983',-4133346124540824132),(21215,-2983781266987759212,'0','2631570054749962983',4699228764228446215),(21216,-2983781266987759212,'3','2631570054749962983',-2098255240501413546),(21217,-2983781266987759212,'6','2631570054749962983',907679073995292077),(21218,-2983781266987759212,'2','2631570054749962983',4771883103491451854),(21219,-7977009876682457366,'0','2631570054749962983',4699228764228446215),(21220,-7977009876682457366,'2','-7068312495049978441',42405395608667342),(21221,-7977009876682457366,'7','-7068312495049978441',-183679204850884408),(21222,-7977009876682457366,'1','-7068312495049978441',4537154304715673837),(21223,-7977009876682457366,'0','-7068312495049978441',1002222607620738082),(21224,-7977009876682457366,'9','-7068312495049978441',-4611788564234861960),(21225,-7977009876682457366,'0','-7068312495049978441',5027896665808537589),(21226,7619660122584784857,'5','-7068312495049978441',-4336263812948519572),(21227,7619660122584784857,'2','-7068312495049978441',2170398612633881599),(21228,7619660122584784857,'9','-7068312495049978441',-7115753114447035701),(21229,7619660122584784857,'0','-7068312495049978441',-6941337534543584647),(21230,7619660122584784857,'4','-7068312495049978441',2413048085589122512),(21231,7619660122584784857,'5','-7068312495049978441',-109400231791372511),(21232,7619660122584784857,'3','-7068312495049978441',8721240097251417423),(21233,7619660122584784857,'5','-7068312495049978441',-6244065479474235436),(21234,7619660122584784857,'8','-7068312495049978441',338209900364670400),(21235,-7020676250777240194,'9','-1107464066118799716',-4133346124540824132),(21236,-7020676250777240194,'1','-1107464066118799716',-1704607572887120666),(21237,-7020676250777240194,'4','-1107464066118799716',2667374273252626067),(21238,-7020676250777240194,'1','-1107464066118799716',1002222607620738082),(21239,-7020676250777240194,'2','-1107464066118799716',-5206630976115742546),(21240,-7020676250777240194,'3','-1107464066118799716',-8364702307993896850),(21241,-7020676250777240194,'5','-1107464066118799716',5667012189150136968),(21242,-7020676250777240194,'2','-1107464066118799716',6810919053616137538),(21243,-7020676250777240194,'5','-1107464066118799716',7177772654129641558),(21244,-3008711178441534023,'3','-1107464066118799716',6949349099626714563),(21245,-3008711178441534023,'0','-1107464066118799716',4699228764228446215),(21246,-3008711178441534023,'2','-1107464066118799716',5357763913888441243),(21247,-3008711178441534023,'6','-1107464066118799716',-7413140295771841082),(21248,-3008711178441534023,'4','-1107464066118799716',8507444628072974869),(21249,-3008711178441534023,'9','-1107464066118799716',5941440380781286948),(21250,-3008711178441534023,'5','-1107464066118799716',-5757670237141214115),(21251,-3008711178441534023,'7','1049871607901806005',5654614446938699418),(21252,-3008711178441534023,'8','1049871607901806005',-3303926866518351002),(21253,-3008711178441534023,'1','1049871607901806005',7177772654129641558),(21254,-4761442201440044017,'9','1049871607901806005',-7643006586331959426),(21255,-4761442201440044017,'5','1049871607901806005',6949349099626714563),(21256,-4761442201440044017,'6','1049871607901806005',4699228764228446215),(21257,-4761442201440044017,'4','1049871607901806005',3597876285012572339),(21258,-4761442201440044017,'6','1049871607901806005',-6105618820931672109),(21259,-4761442201440044017,'4','1049871607901806005',-3467360160588330841),(21260,-4761442201440044017,'9','1049871607901806005',-2789921326506159964),(21261,-9034940929744174052,'0','1049871607901806005',-7413140295771841082),(21262,-9034940929744174052,'2','1049871607901806005',-8089181549741562062),(21263,-9034940929744174052,'8','1049871607901806005',-5757670237141214115),(21264,-9034940929744174052,'6','1049871607901806005',-7767110163794652870),(21265,-9034940929744174052,'7','1049871607901806005',6678499634522197967),(21266,-9034940929744174052,'1','1049871607901806005',4771883103491451854),(21267,4671645136894864636,'8','3705651798133249509',2170398612633881599),(21268,4671645136894864636,'4','3705651798133249509',-4837466255303230313),(21269,4671645136894864636,'6','3705651798133249509',-7663120229764036457),(21270,4671645136894864636,'4','3705651798133249509',2862572256525619481),(21271,4671645136894864636,'5','3705651798133249509',-4512338399688167168),(21272,4671645136894864636,'7','3705651798133249509',-843862228670386781),(21273,4671645136894864636,'6','3705651798133249509',-7998734440496539393),(21274,4671645136894864636,'4','3705651798133249509',7177772654129641558),(21275,4748487238312817621,'3','3705651798133249509',3900416615380884524),(21276,4748487238312817621,'5','3705651798133249509',-8364702307993896850),(21277,4748487238312817621,'6','3705651798133249509',6678499634522197967),(21278,4748487238312817621,'9','3705651798133249509',5269075829445560174),(21279,4748487238312817621,'1','3705651798133249509',-5818291636007655082),(21280,-1615629749123195465,'9','3705651798133249509',-4336263812948519572),(21281,-1615629749123195465,'5','3705651798133249509',-4837466255303230313),(21282,-2429407108636098258,'1','3705651798133249509',4699228764228446215),(21283,-2429407108636098258,'7','3705651798133249509',-7413140295771841082),(21284,-2429407108636098258,'2','-3488662586387645998',-1409409992053799742),(21285,-2429407108636098258,'3','-3488662586387645998',-4611788564234861960),(21286,-2429407108636098258,'7','-3488662586387645998',-9022770647942991261),(21287,-2429407108636098258,'8','-3488662586387645998',3772711771170677237),(21288,-2429407108636098258,'8','-3488662586387645998',-5818291636007655082),(21289,4423303951229465775,'2','-3488662586387645998',1476424687116058679),(21290,4423303951229465775,'1','-3488662586387645998',1002222607620738082),(21291,4423303951229465775,'6','-3488662586387645998',-7767110163794652870),(21292,4423303951229465775,'9','-3488662586387645998',5654614446938699418),(21293,4423303951229465775,'7','-3488662586387645998',-3303926866518351002),(21294,7744289753635219318,'1','-3488662586387645998',-6079799502221730190),(21295,7744289753635219318,'7','-3488662586387645998',2862572256525619481),(21296,7744289753635219318,'8','-3488662586387645998',-3778985655880710886),(21297,7744289753635219318,'5','-3488662586387645998',-4670364150648808416),(21298,7744289753635219318,'5','-3488662586387645998',3772711771170677237),(21299,5445576160193198860,'9','-3488662586387645998',-7413140295771841082),(21300,5445576160193198860,'0','-3488662586387645998',-1409409992053799742),(21301,5445576160193198860,'8','-1096602419171597110',-4512338399688167168),(21302,5445576160193198860,'7','-1096602419171597110',4537154304715673837),(21303,5445576160193198860,'8','-1096602419171597110',-109400231791372511),(21304,5445576160193198860,'8','-1096602419171597110',-3303926866518351002),(21305,5445576160193198860,'6','-1096602419171597110',-3467360160588330841),(21306,5445576160193198860,'4','-1096602419171597110',-3357301365559591000),(21307,5445576160193198860,'8','-1096602419171597110',3772711771170677237),(21308,5445576160193198860,'0','-1096602419171597110',1723235279117870080),(21309,5445576160193198860,'5','-1096602419171597110',4771883103491451854),(21310,5445576160193198860,'3','-1096602419171597110',6810919053616137538),(21311,6173275008469381376,'1','-1096602419171597110',6949349099626714563),(21312,6173275008469381376,'1','-1096602419171597110',1002222607620738082),(21313,6173275008469381376,'2','-1096602419171597110',6678499634522197967),(21314,6173275008469381376,'6','-1096602419171597110',338209900364670400),(21315,5183824201923830787,'5','-1096602419171597110',2521609606961712623),(21316,5183824201923830787,'4','7565710028514812515',1476424687116058679),(21317,5183824201923830787,'8','7565710028514812515',3900416615380884524),(21318,5183824201923830787,'7','7565710028514812515',-7767110163794652870),(21319,5183824201923830787,'5','7565710028514812515',-6624885952467151943),(21320,5183824201923830787,'5','7565710028514812515',5027896665808537589),(21321,5183824201923830787,'8','7565710028514812515',806188788697858404),(21322,5183824201923830787,'9','7565710028514812515',-529209286176756704),(21323,5183824201923830787,'1','7565710028514812515',-2789921326506159964),(21324,5183824201923830787,'0','7565710028514812515',2506478695190568278),(21325,5183824201923830787,'6','7565710028514812515',-1084117874541482707),(21326,-8157069880798870713,'0','7565710028514812515',-7643006586331959426),(21327,-8157069880798870713,'8','7565710028514812515',6949349099626714563),(21328,-8157069880798870713,'3','7565710028514812515',4699228764228446215),(21329,-8157069880798870713,'8','7565710028514812515',-6624885952467151943),(21330,-8157069880798870713,'3','7565710028514812515',-1198883103637348345),(21331,-8157069880798870713,'2','7565710028514812515',8721240097251417423),(21332,1651109868713201147,'2','8201729885788780149',2413048085589122512),(21333,1651109868713201147,'2','8201729885788780149',-4611788564234861960),(21334,1651109868713201147,'2','8201729885788780149',-3645104606288088633),(21335,1651109868713201147,'0','8201729885788780149',4771883103491451854),(21336,1651109868713201147,'6','8201729885788780149',-3464290889625160699),(21337,-5114274876187880979,'4','8201729885788780149',-4512338399688167168),(21338,-5114274876187880979,'1','8201729885788780149',5654614446938699418),(21339,-5114274876187880979,'8','8201729885788780149',-6105618820931672109),(21340,-5114274876187880979,'3','8201729885788780149',-8632641114695112591),(21341,-5114274876187880979,'5','8201729885788780149',-8590575825425529487),(21342,-8562955275200262551,'2','8201729885788780149',-2098255240501413546),(21343,-8562955275200262551,'4','8201729885788780149',-9204413747685003398),(21344,-8562955275200262551,'8','8201729885788780149',-5757670237141214115),(21345,-8562955275200262551,'4','8201729885788780149',5027896665808537589),(21346,-8562955275200262551,'2','8201729885788780149',-529209286176756704),(21347,-8562955275200262551,'1','8201729885788780149',-3467360160588330841),(21348,-7068972506403238622,'2','8201729885788780149',-1000435262066234428),(21349,-7068972506403238622,'1','3116070333599789601',1056018461048173601),(21350,-7068972506403238622,'6','3116070333599789601',-5757670237141214115),(21351,-7068972506403238622,'3','3116070333599789601',3900416615380884524),(21352,-7068972506403238622,'9','3116070333599789601',-3357301365559591000),(21353,-7068972506403238622,'5','3116070333599789601',5269075829445560174),(21354,-7068972506403238622,'9','3116070333599789601',1723235279117870080),(21355,-7068972506403238622,'1','3116070333599789601',-1084117874541482707),(21356,4560688769107033935,'4','3116070333599789601',6949349099626714563),(21357,4560688769107033935,'8','3116070333599789601',-183679204850884408),(21358,4560688769107033935,'4','3116070333599789601',-8733898097165586124),(21359,4560688769107033935,'7','3116070333599789601',-529209286176756704),(21360,4560688769107033935,'2','3116070333599789601',8721240097251417423),(21361,4560688769107033935,'6','3116070333599789601',-9022770647942991261),(21362,4560688769107033935,'5','3116070333599789601',2506478695190568278),(21363,4560688769107033935,'8','3116070333599789601',-7998734440496539393),(21364,1837912153618966763,'2','3116070333599789601',-7413140295771841082),(21365,1837912153618966763,'7','3116070333599789601',-4512338399688167168),(21366,1837912153618966763,'8','-3470832347849444936',-5098900745738991538),(21367,1837912153618966763,'2','-3470832347849444936',-4611788564234861960),(21368,1837912153618966763,'8','-3470832347849444936',-1198883103637348345),(21369,1837912153618966763,'8','-3470832347849444936',5027896665808537589),(21370,1837912153618966763,'1','-3470832347849444936',3086386652813772952),(21371,1837912153618966763,'1','-3470832347849444936',-2789921326506159964),(21372,1837912153618966763,'1','-3470832347849444936',6904942043212204330),(21373,1837912153618966763,'8','-3470832347849444936',2324260156168462053),(21374,-4461893960013872296,'4','-3470832347849444936',-5757670237141214115),(21375,-4461893960013872296,'3','-3470832347849444936',-7998734440496539393),(21376,-8628287809430024782,'2','-3470832347849444936',3597876285012572339),(21377,-8628287809430024782,'1','-3470832347849444936',-7413140295771841082),(21378,-8628287809430024782,'6','-3470832347849444936',-9204413747685003398),(21379,-8628287809430024782,'3','-3470832347849444936',-9022770647942991261),(21380,-7796795267070649800,'4','-3470832347849444936',-6941337534543584647),(21381,-7796795267070649800,'5','-3470832347849444936',-2789921326506159964),(21382,3149523551065778822,'0','9001954252369943791',8483737959513503634),(21383,3149523551065778822,'7','9001954252369943791',3136530647541797689),(21384,3149523551065778822,'1','9001954252369943791',-1704607572887120666),(21385,3149523551065778822,'5','9001954252369943791',3664685129994024323),(21386,3149523551065778822,'4','9001954252369943791',-8519718198748316998),(21387,3149523551065778822,'1','9001954252369943791',-8364702307993896850),(21388,3149523551065778822,'6','9001954252369943791',5992787031153309466),(21389,9181839460251167025,'9','9001954252369943791',-4336263812948519572),(21390,9181839460251167025,'9','9001954252369943791',-1704607572887120666),(21391,9181839460251167025,'3','9001954252369943791',-4837466255303230313),(21392,9181839460251167025,'0','9001954252369943791',-620267442788254250),(21393,9181839460251167025,'3','9001954252369943791',2814247227217701690),(21394,9181839460251167025,'4','9001954252369943791',-4611788564234861960),(21395,9181839460251167025,'1','9001954252369943791',-3357301365559591000),(21396,9181839460251167025,'8','9001954252369943791',5269075829445560174),(21397,9181839460251167025,'8','-387228131404331385',3291783248295005629),(21398,9181839460251167025,'7','-387228131404331385',2324260156168462053),(21399,6378485208255125024,'6','-387228131404331385',-4512338399688167168),(21400,6378485208255125024,'0','-387228131404331385',-6941337534543584647),(21401,6378485208255125024,'8','-387228131404331385',-529209286176756704),(21402,6378485208255125024,'3','-387228131404331385',3772711771170677237),(21403,6378485208255125024,'8','-387228131404331385',7177772654129641558),(21404,-6967255617660294454,'0','-387228131404331385',1476424687116058679),(21405,-6967255617660294454,'1','-387228131404331385',-8733898097165586124),(21406,-6967255617660294454,'1','-387228131404331385',806188788697858404),(21407,-6967255617660294454,'2','-387228131404331385',-3467360160588330841),(21408,-6967255617660294454,'3','-387228131404331385',6810919053616137538),(21409,6550927710094488065,'2','-387228131404331385',6949349099626714563),(21410,6550927710094488065,'2','-387228131404331385',-6079799502221730190),(21411,6550927710094488065,'3','-387228131404331385',2862572256525619481),(21412,6550927710094488065,'9','-8721192957350970634',1723235279117870080),(21413,-8015747099506328601,'1','-8721192957350970634',-6105618820931672109),(21414,-8015747099506328601,'2','-8721192957350970634',-5374681276446979614),(21415,-8015747099506328601,'7','-8721192957350970634',-8632641114695112591),(21416,-8680736047013696031,'7','-8721192957350970634',42405395608667342),(21417,-8680736047013696031,'1','-8721192957350970634',-1000435262066234428),(21418,-8680736047013696031,'7','-8721192957350970634',3664685129994024323),(21419,-8680736047013696031,'1','-8721192957350970634',-3348251979143414215),(21420,-8680736047013696031,'5','-8721192957350970634',-6105618820931672109),(21421,-8680736047013696031,'3','-8721192957350970634',3772711771170677237),(21422,-8680736047013696031,'4','-8721192957350970634',7177772654129641558),(21423,5343566652368323005,'2','-8721192957350970634',4699228764228446215),(21424,5343566652368323005,'0','-8721192957350970634',-7413140295771841082),(21425,5343566652368323005,'2','-8721192957350970634',-1704607572887120666),(21426,5343566652368323005,'8','-8721192957350970634',-4837466255303230313),(21427,5343566652368323005,'1','-6407412775887748787',2814247227217701690),(21428,5343566652368323005,'1','-6407412775887748787',-7767110163794652870),(21429,5343566652368323005,'8','-6407412775887748787',-3303926866518351002),(21430,5343566652368323005,'8','-6407412775887748787',8721240097251417423),(21431,-754145110720098491,'8','-6407412775887748787',3597876285012572339),(21432,-754145110720098491,'6','-6407412775887748787',-3778985655880710886),(21433,-754145110720098491,'7','-6407412775887748787',-6624885952467151943),(21434,-754145110720098491,'5','-6407412775887748787',-4611788564234861960),(21435,-754145110720098491,'4','-6407412775887748787',-8519718198748316998),(21436,768807482521208575,'0','-6407412775887748787',2170398612633881599),(21437,768807482521208575,'4','-6407412775887748787',-9204413747685003398),(21438,768807482521208575,'1','-6407412775887748787',-5374681276446979614),(21439,768807482521208575,'0','-6407412775887748787',-8519718198748316998),(21440,768807482521208575,'8','-6407412775887748787',-3357301365559591000),(21441,768807482521208575,'7','-6407412775887748787',-1084117874541482707),(21442,889190726224630699,'6','8179049060858268133',-4336263812948519572),(21443,889190726224630699,'7','8179049060858268133',-5757670237141214115),(21444,889190726224630699,'9','8179049060858268133',5027896665808537589),(21445,889190726224630699,'2','8179049060858268133',8777331927163765048),(21446,889190726224630699,'6','8179049060858268133',-3645104606288088633),(21447,889190726224630699,'9','8179049060858268133',8721240097251417423),(21448,41518568964502592,'3','8179049060858268133',3136530647541797689),(21449,41518568964502592,'1','8179049060858268133',-5608767567669032589),(21450,41518568964502592,'7','8179049060858268133',-1000435262066234428),(21451,41518568964502592,'9','8179049060858268133',-6941337534543584647),(21452,41518568964502592,'2','8179049060858268133',-7368289339517918480),(21453,41518568964502592,'8','8179049060858268133',2413048085589122512),(21454,41518568964502592,'5','8179049060858268133',-8364702307993896850),(21455,41518568964502592,'8','8179049060858268133',5992787031153309466),(21456,41518568964502592,'0','8179049060858268133',-8632641114695112591),(21457,41518568964502592,'6','8179049060858268133',-2789921326506159964),(21458,41518568964502592,'2','-2724835208204997812',-6244065479474235436),(21459,6409410270064569398,'6','-2724835208204997812',42405395608667342),(21460,6409410270064569398,'8','-2724835208204997812',3900416615380884524),(21461,6409410270064569398,'7','-2724835208204997812',-5206630976115742546),(21462,6409410270064569398,'9','-2724835208204997812',-6105618820931672109),(21463,6409410270064569398,'6','-2724835208204997812',2413048085589122512),(21464,6409410270064569398,'0','-2724835208204997812',-4611788564234861960),(21465,6409410270064569398,'1','-2724835208204997812',-1198883103637348345),(21466,6409410270064569398,'5','-2724835208204997812',-3357301365559591000),(21467,6409410270064569398,'7','-2724835208204997812',3772711771170677237),(21468,4710655788533900809,'7','-2724835208204997812',2521609606961712623),(21469,4710655788533900809,'0','-2724835208204997812',-9204413747685003398),(21470,4710655788533900809,'5','-2724835208204997812',-6941337534543584647),(21471,4710655788533900809,'6','-2724835208204997812',5654614446938699418),(21472,4710655788533900809,'8','-2724835208204997812',-6624885952467151943),(21473,9100376135026816381,'5','-2724835208204997812',2667374273252626067),(21474,9100376135026816381,'4','-753279021215276245',3664685129994024323),(21475,9100376135026816381,'3','-753279021215276245',3900416615380884524),(21476,9100376135026816381,'0','-753279021215276245',-3303926866518351002),(21477,1364944308148874211,'8','-753279021215276245',3136530647541797689),(21478,1364944308148874211,'2','-753279021215276245',1056018461048173601),(21479,1364944308148874211,'8','-753279021215276245',-2098255240501413546),(21480,1364944308148874211,'4','-753279021215276245',-5374681276446979614),(21481,1364944308148874211,'8','-753279021215276245',-286792071061018300),(21482,1364944308148874211,'9','-753279021215276245',4771883103491451854),(21483,1364944308148874211,'1','-753279021215276245',3291783248295005629),(21484,-3542414900467043688,'8','-753279021215276245',-1409409992053799742),(21485,-3542414900467043688,'8','-753279021215276245',-3303926866518351002),(21486,-3542414900467043688,'3','-753279021215276245',338209900364670400),(21487,-3542414900467043688,'0','-753279021215276245',-5818291636007655082),(21488,-3542414900467043688,'8','-7277852657628941120',2324260156168462053),(21489,-1757462903915840845,'5','-7277852657628941120',-6079799502221730190),(21490,-1757462903915840845,'4','-7277852657628941120',-3357301365559591000),(21491,-1757462903915840845,'5','-7277852657628941120',4771883103491451854),(21492,-1757462903915840845,'2','-7277852657628941120',-8590575825425529487),(21493,-1757462903915840845,'2','-7277852657628941120',338209900364670400),(21494,-6764375735355661213,'1','-7277852657628941120',1029817057582618980),(21495,-6764375735355661213,'1','-7277852657628941120',-7767110163794652870),(21496,-6764375735355661213,'9','-7277852657628941120',5654614446938699418),(21497,-6764375735355661213,'7','-7277852657628941120',-5206630976115742546),(21498,-6764375735355661213,'9','-7277852657628941120',-8519718198748316998),(21499,-6764375735355661213,'2','-7277852657628941120',-3645104606288088633),(21500,-6764375735355661213,'9','-7277852657628941120',-7998734440496539393),(21501,-2570176569670135151,'4','-7277852657628941120',-4133346124540824132),(21502,-2570176569670135151,'2','-7277852657628941120',-2098255240501413546),(21503,-2570176569670135151,'8','-7277852657628941120',2814247227217701690),(21504,-2570176569670135151,'6','7131083503129535055',7212148133496435176),(21505,-2570176569670135151,'2','7131083503129535055',-7368289339517918480),(21506,-2570176569670135151,'6','7131083503129535055',1723235279117870080),(21507,618177246026629981,'5','7131083503129535055',4699228764228446215),(21508,618177246026629981,'7','7131083503129535055',-6079799502221730190),(21509,618177246026629981,'8','7131083503129535055',-3778985655880710886),(21510,618177246026629981,'2','7131083503129535055',-3348251979143414215),(21511,618177246026629981,'2','7131083503129535055',1029817057582618980),(21512,618177246026629981,'5','7131083503129535055',-843862228670386781),(21513,-3963750058138222387,'4','7131083503129535055',2667374273252626067),(21514,-3963750058138222387,'2','7131083503129535055',-183679204850884408),(21515,-3963750058138222387,'9','7131083503129535055',2814247227217701690),(21516,-3963750058138222387,'0','7131083503129535055',4537154304715673837),(21517,-3963750058138222387,'5','7131083503129535055',1002222607620738082),(21518,-3963750058138222387,'6','7529363670206320892',-3357301365559591000),(21519,-8020172807860753785,'5','7529363670206320892',6949349099626714563),(21520,7559389568538227840,'3','7529363670206320892',6604175643760776603),(21521,7559389568538227840,'7','7529363670206320892',-8733898097165586124),(21522,7559389568538227840,'3','7529363670206320892',-8519718198748316998),(21523,7559389568538227840,'0','7529363670206320892',-286792071061018300),(21524,9172352538023633799,'8','7529363670206320892',-7643006586331959426),(21525,9172352538023633799,'6','7529363670206320892',2521609606961712623),(21526,9172352538023633799,'1','7529363670206320892',-7663120229764036457),(21527,9172352538023633799,'7','7529363670206320892',-9022770647942991261),(21528,9172352538023633799,'9','7529363670206320892',-7998734440496539393),(21529,3169827759869660152,'9','7529363670206320892',4537154304715673837),(21530,3169827759869660152,'6','7529363670206320892',-4670364150648808416),(21531,3169827759869660152,'4','7529363670206320892',4771883103491451854),(21532,-7822089055408576840,'3','7529363670206320892',7212148133496435176),(21533,-7822089055408576840,'9','7529363670206320892',-5757670237141214115),(21534,-7822089055408576840,'6','-3328787778478366292',-6624885952467151943),(21535,-7822089055408576840,'4','-3328787778478366292',-1198883103637348345),(21536,-7822089055408576840,'6','-3328787778478366292',-8733898097165586124),(21537,-7822089055408576840,'6','-3328787778478366292',-3303926866518351002),(21538,-7822089055408576840,'3','-3328787778478366292',6904942043212204330),(21539,-7822089055408576840,'9','-3328787778478366292',-8590575825425529487),(21540,-7822089055408576840,'4','-3328787778478366292',338209900364670400),(21541,-7822089055408576840,'2','-3328787778478366292',2324260156168462053),(21542,-865027890496915297,'4','-3328787778478366292',2862572256525619481),(21543,-865027890496915297,'4','-3328787778478366292',-7368289339517918480),(21544,-865027890496915297,'2','-3328787778478366292',2413048085589122512),(21545,-865027890496915297,'9','-3328787778478366292',-529209286176756704),(21546,-865027890496915297,'2','-3328787778478366292',3772711771170677237),(21547,-354102247929140045,'2','-3328787778478366292',8507444628072974869),(21548,-354102247929140045,'5','-3328787778478366292',-1000435262066234428),(21549,-354102247929140045,'2','1428260282523680805',-9022770647942991261),(21550,-354102247929140045,'4','1428260282523680805',5269075829445560174),(21551,6917473914568550743,'2','1428260282523680805',-620267442788254250),(21552,6917473914568550743,'6','1428260282523680805',-3348251979143414215),(21553,6917473914568550743,'8','1428260282523680805',-6941337534543584647),(21554,6917473914568550743,'1','1428260282523680805',-7767110163794652870),(21555,6917473914568550743,'9','1428260282523680805',-4670364150648808416),(21556,6917473914568550743,'4','1428260282523680805',7177772654129641558),(21557,-7654147923354385063,'5','1428260282523680805',-4133346124540824132),(21558,-7654147923354385063,'4','1428260282523680805',5357763913888441243),(21559,-7654147923354385063,'1','1428260282523680805',-4611788564234861960),(21560,-7654147923354385063,'0','1428260282523680805',-1198883103637348345),(21561,-7654147923354385063,'3','1428260282523680805',-5374681276446979614),(21562,-7654147923354385063,'1','1428260282523680805',-529209286176756704),(21563,-7654147923354385063,'3','1428260282523680805',-3357301365559591000),(21564,-7654147923354385063,'1','1428260282523680805',6678499634522197967),(21565,-7654147923354385063,'1','6745308539197349210',1723235279117870080),(21566,-7654147923354385063,'4','6745308539197349210',-1084117874541482707),(21567,6790405593002123337,'1','6745308539197349210',-2098255240501413546),(21568,6790405593002123337,'6','6745308539197349210',4537154304715673837),(21569,6790405593002123337,'3','6745308539197349210',-5206630976115742546),(21570,6790405593002123337,'8','6745308539197349210',8777331927163765048),(21571,6790405593002123337,'9','6745308539197349210',2506478695190568278),(21572,6790405593002123337,'3','6745308539197349210',3291783248295005629),(21573,6790405593002123337,'4','6745308539197349210',-5818291636007655082),(21574,4602720866028619788,'5','6745308539197349210',3136530647541797689),(21575,4602720866028619788,'4','6745308539197349210',-9204413747685003398),(21576,4602720866028619788,'9','6745308539197349210',-109400231791372511),(21577,4602720866028619788,'7','6745308539197349210',-8590575825425529487),(21578,-1168709255025862003,'8','6745308539197349210',2170398612633881599),(21579,-1168709255025862003,'5','6745308539197349210',5027896665808537589),(21580,-1168709255025862003,'3','2783845195807562068',8777331927163765048),(21581,-1168709255025862003,'2','2783845195807562068',4771883103491451854),(21582,-950495664929023226,'1','2783845195807562068',-7413140295771841082),(21583,-950495664929023226,'2','2783845195807562068',-1704607572887120666),(21584,-950495664929023226,'2','2783845195807562068',-7115753114447035701),(21585,-950495664929023226,'4','2783845195807562068',1029817057582618980),(21586,-950495664929023226,'6','2783845195807562068',1723235279117870080),(21587,-950495664929023226,'5','2783845195807562068',4771883103491451854),(21588,-1258040827941292718,'8','2783845195807562068',-4837466255303230313),(21589,-1258040827941292718,'8','2783845195807562068',-1409409992053799742),(21590,-1258040827941292718,'4','2783845195807562068',-9204413747685003398),(21591,-1258040827941292718,'5','2783845195807562068',-4512338399688167168),(21592,-1258040827941292718,'5','2783845195807562068',-5757670237141214115),(21593,-1258040827941292718,'8','2783845195807562068',-4670364150648808416),(21594,-3784273789710037926,'5','2783845195807562068',42405395608667342),(21595,-3784273789710037926,'9','6475134301135381181',-1000435262066234428),(21596,-3784273789710037926,'6','6475134301135381181',-1409409992053799742),(21597,-3784273789710037926,'9','6475134301135381181',-9204413747685003398),(21598,-3784273789710037926,'2','6475134301135381181',-4512338399688167168),(21599,-3784273789710037926,'2','6475134301135381181',3900416615380884524),(21600,-3784273789710037926,'2','6475134301135381181',5654614446938699418),(21601,-3784273789710037926,'1','6475134301135381181',5027896665808537589),(21602,-3784273789710037926,'3','6475134301135381181',-3357301365559591000),(21603,-3784273789710037926,'3','6475134301135381181',-9022770647942991261),(21604,-3784273789710037926,'1','6475134301135381181',5269075829445560174),(21605,-3784273789710037926,'9','6475134301135381181',-3464290889625160699),(21606,-3679712100474337561,'8','6475134301135381181',6949349099626714563),(21607,-3679712100474337561,'5','6475134301135381181',8483737959513503634),(21608,-3679712100474337561,'0','6475134301135381181',42405395608667342),(21609,-3679712100474337561,'4','6475134301135381181',-2098255240501413546),(21610,-3679712100474337561,'3','5707129015818499132',-183679204850884408),(21611,-3679712100474337561,'7','5707129015818499132',1002222607620738082),(21612,-3679712100474337561,'5','5707129015818499132',3900416615380884524),(21613,-3679712100474337561,'8','5707129015818499132',-6105618820931672109),(21614,9091740920458518464,'6','5707129015818499132',-4837466255303230313),(21615,9091740920458518464,'8','5707129015818499132',1056018461048173601),(21616,9091740920458518464,'0','5707129015818499132',1164763252662459548),(21617,9091740920458518464,'6','5707129015818499132',3772711771170677237),(21618,9091740920458518464,'6','5707129015818499132',-5818291636007655082),(21619,9091740920458518464,'5','5707129015818499132',-1084117874541482707),(21620,-5987577392527040016,'1','5707129015818499132',42405395608667342),(21621,-5987577392527040016,'3','5707129015818499132',-620267442788254250),(21622,-5987577392527040016,'3','5707129015818499132',-843862228670386781),(21623,7819909055721599404,'0','5707129015818499132',-8364702307993896850),(21624,7819909055721599404,'7','5707129015818499132',3772711771170677237),(21625,6597325486227391555,'0','4446909654808662792',2667374273252626067),(21626,6597325486227391555,'8','4446909654808662792',5941440380781286948),(21627,6597325486227391555,'3','4446909654808662792',907679073995292077),(21628,6597325486227391555,'7','4446909654808662792',-1198883103637348345),(21629,6597325486227391555,'3','4446909654808662792',806188788697858404),(21630,6597325486227391555,'8','4446909654808662792',-529209286176756704),(21631,6597325486227391555,'5','4446909654808662792',-6244065479474235436),(21632,6597325486227391555,'8','4446909654808662792',7177772654129641558),(21633,-5027201487290427993,'9','4446909654808662792',-7643006586331959426),(21634,-5027201487290427993,'9','4446909654808662792',-6079799502221730190),(21635,-5027201487290427993,'5','4446909654808662792',-2098255240501413546),(21636,-5027201487290427993,'4','4446909654808662792',1002222607620738082),(21637,-5027201487290427993,'4','4446909654808662792',-7368289339517918480),(21638,-5027201487290427993,'0','4446909654808662792',-6105618820931672109),(21639,7815746078720554333,'2','4446909654808662792',6949349099626714563),(21640,7815746078720554333,'6','-8422544448773196152',5941440380781286948),(21641,7815746078720554333,'9','-8422544448773196152',-1198883103637348345),(21642,7815746078720554333,'1','-8422544448773196152',-843862228670386781),(21643,-2415436003330496242,'4','-8422544448773196152',8507444628072974869),(21644,-2415436003330496242,'6','-8422544448773196152',-6941337534543584647),(21645,-2415436003330496242,'4','-8422544448773196152',-6105618820931672109),(21646,-2415436003330496242,'6','-8422544448773196152',-4670364150648808416),(21647,-2415436003330496242,'4','-8422544448773196152',-8632641114695112591),(21648,-2415436003330496242,'1','-8422544448773196152',6810919053616137538),(21649,-3391079541928834984,'4','-8422544448773196152',-6079799502221730190),(21650,-3391079541928834984,'8','-8422544448773196152',2521609606961712623),(21651,-3391079541928834984,'6','-8422544448773196152',4537154304715673837),(21652,-3391079541928834984,'8','-8422544448773196152',214289226065009176),(21653,-3391079541928834984,'3','-8422544448773196152',3772711771170677237),(21654,-3391079541928834984,'5','-8422544448773196152',-8632641114695112591),(21655,-3391079541928834984,'7','4356135378614868742',1723235279117870080),(21656,8855406213440268239,'8','4356135378614868742',-1704607572887120666),(21657,8855406213440268239,'8','4356135378614868742',-3303926866518351002);
/*!40000 ALTER TABLE `course_recommend_data_model` ENABLE KEYS */;
UNLOCK TABLES;

--
-- Table structure for table `feedback`
--

DROP TABLE IF EXISTS `feedback`;
/*!40101 SET @saved_cs_client     = @@character_set_client */;
 SET character_set_client = utf8mb4 ;
CREATE TABLE `feedback` (
  `ID` varchar(40) DEFAULT NULL,
  `content` varchar(3000) DEFAULT NULL,
  `time` varchar(40) DEFAULT NULL,
  `feedback_id` int(11) NOT NULL AUTO_INCREMENT,
  PRIMARY KEY (`feedback_id`),
  KEY `FK_Relationship_136` (`ID`),
  CONSTRAINT `FK_Relationship_136` FOREIGN KEY (`ID`) REFERENCES `user` (`ID`) ON DELETE RESTRICT ON UPDATE RESTRICT
) ENGINE=InnoDB AUTO_INCREMENT=2 DEFAULT CHARSET=utf8;
/*!40101 SET character_set_client = @saved_cs_client */;

--
-- Dumping data for table `feedback`
--

LOCK TABLES `feedback` WRITE;
/*!40000 ALTER TABLE `feedback` DISABLE KEYS */;
INSERT INTO `feedback` VALUES ('ID001','','2019-09-01 19:54:54',1);
/*!40000 ALTER TABLE `feedback` ENABLE KEYS */;
UNLOCK TABLES;

--
-- Table structure for table `question`
--

DROP TABLE IF EXISTS `question`;
/*!40101 SET @saved_cs_client     = @@character_set_client */;
 SET character_set_client = utf8mb4 ;
CREATE TABLE `question` (
  `question_id` int(11) NOT NULL AUTO_INCREMENT,
  `course_id` varchar(6) DEFAULT NULL,
  `ID` varchar(40) DEFAULT NULL,
  `question_content` varchar(200) DEFAULT NULL,
  `question_time` varchar(30) DEFAULT NULL,
  `question_isbanned` tinyint(1) DEFAULT NULL,
  `question_praise_point` int(11) DEFAULT NULL,
  PRIMARY KEY (`question_id`),
  KEY `FK_Relationship_33` (`ID`),
  KEY `FK_ask` (`course_id`),
  CONSTRAINT `FK_Relationship_33` FOREIGN KEY (`ID`) REFERENCES `user` (`ID`) ON DELETE RESTRICT ON UPDATE RESTRICT,
  CONSTRAINT `FK_ask` FOREIGN KEY (`course_id`) REFERENCES `course` (`course_id`) ON DELETE RESTRICT ON UPDATE RESTRICT
) ENGINE=InnoDB AUTO_INCREMENT=104 DEFAULT CHARSET=utf8;
/*!40101 SET character_set_client = @saved_cs_client */;

--
-- Dumping data for table `question`
--

LOCK TABLES `question` WRITE;
/*!40000 ALTER TABLE `question` DISABLE KEYS */;
INSERT INTO `question` VALUES (1,'2VBLJ','ID005','86C','O2GFA35WZ6CA',1,-2130230666),(2,'09YA3','ID078','1DIREBKHR9J2O7782GY331U61I','TNPD5AF',1,-445988800),(3,'8PY7Q','ID014','619I2461HUS51KVAP28KWJ029U4H4T5WRZ6309C2N20IX8HV9KL9YB','T3IMI1D12B',1,-806069431),(4,'0DRJB','ID028','67A2Z20','XN',1,-2066546044),(5,'U51M7','ID008','626I6Y73263KOAXODTDO2R7JH3L1Y60HOD','3QQ18',1,-1349670514),(6,'2VBLJ','ID056','1VR6','NG4GV',1,-363863367),(7,'1J5FJ','ID032','YSW9SN','S13OD',0,-1621549777),(8,'8TF5Q','ID027','41H83S280837TP9F0N4MN96859VRHK0KU3059J9JD460K5N0Y0RXF','Q',1,-819458344),(9,'427I9','ID024','X0WD884','734TMT83G8XYUNPY5399',1,2),(10,'058UH','ID060','9MGGGA4KGL0S66C6V9P8UCRG1YD35U110EDV1','DYX0J1H4',1,-1243801934),(11,'2C7SV','ID082','CFK10V2UVEOE8J7IQ0K9OHI19E7HQH68WT7L4PJC01C4CEOUH','5R29',1,-442206065),(12,'8PY7Q','ID068','M6O8MN8D02','WM9496',0,-444996268),(13,'5762L','ID003','IHMAOIXW2H3W5M644R','9695',0,-530212171),(14,'2VBLJ','ID059','8O16448IF4895JY438N9D0W5889218OAF6W67EE1YWAM62GP24J6329J9P54925BQ0','9',0,-620521243),(15,'95VCM','ID032','4A629RF18R1470Z25HP853QA5401W16JU2E86503P6308472D51P4FM3J2Z','ST7JA72GCPMBJ',1,-1250959664),(16,'35FWH','ID062','I5L59LCDC0L052402M5ZY4DA432FWJ971G91','Q289',0,-1876611649),(17,'2VBLJ','ID041','D9718N2KUGHA97LY5ZKW0Z062Z3','JO',0,-1934370908),(18,'09YA3','ID081','04G9Z10SU65','5NPEAQEK9SFOTC2U9O',0,-1794509123),(19,'60XRR','ID045','K8838R9','AE82ZU53544',0,-1434732385),(20,'SIAA6','ID047','513','01ZK69MT9KJ5',0,-366663117),(21,'2K1JB','ID052','RXA924B2VILV24Z6D56','YG5',1,-1100194025),(22,'8NCOQ','ID099','CFZX8107X22NNFEGV8B36HGLRZT1C4EP63V9C0594CGK971PR5','PG',1,-528160511),(23,'9B38B','ID040','4ZOCQ8EX06IK59D0MK4UD2HF71F1','8X',0,-721173700),(24,'1J5FJ','ID072','E6EY8ZV7710','2664I6',1,-99),(25,'08K1B','ID006','EPFQ4JPOX2P0680O5C9DY53OS65A4937F','3QBAHI041B',1,963),(26,'S6445','ID068','26M7J36PI1L89O08WQOHJFX47SD','P',1,-2059989242),(27,'3R8CL','ID075','662E7A9AXKNF1S','A315OKP',1,5778),(28,'6JO6M','ID037','CG3NYD9LA6H52W2OO09C8B7WZRRU651R5','PY8V',1,-122),(29,'5R64V','ID010','AZVYLW2BJAZ1MYP79Y3SZ4C7Q7','7',1,-1423571559),(30,'35FWH','ID039','94KX8TJ6D5U8441FBJBZ7A62L','0A0',1,-3867),(31,'4GOGH','ID025','J4IGS5G2A7510U','V9V',1,-580507718),(32,'063CR','ID066','BH5E26ID07U78E614HOVLM','09C084G9652OLQW4XCUY29N8D0SJW3',0,-1994564637),(33,'AO75H','ID086','F','X',1,-1390692343),(34,'S6445','ID027','ONC109LS424858SC8SLL8PRHYE2ZFAYP25O23MI0WF14S4MDIA16H9JDPLH0I5LIU98MH0ZXGV7P97038YUOZLWAH11U','O61K2',0,-774765371),(35,'1AP6H','ID040','O1K0','072X7U19',0,41),(36,'664EM','ID088','0MSMB7M053VUE','S8C77',1,-1987147774),(37,'95VCM','ID070','1909JCNI6Z5GH39Z4RN30ONRJIHC8B','L4133V7F39Y',1,9966),(38,'0PR3M','ID047','572DX9951HX4','B34H301Y23IA5IW5N',1,-1280156939),(39,'66WYQ','ID017','CO53J2','F076',1,-1697733413),(40,'05V2Q','ID050','61QEVVQTJ78MXMN793XP3IEQ872445R50CVE3H072O52272ES5185366YC19FQ895HQQ8XQ2NS1VF72W8B228E4IX7LK201LH07EKML9Z5B4','SJ3',0,894),(41,'01494','ID067','08Q19JP9X','FN3WNS',1,-11),(42,'6JO6M','ID027','Y40V7G0G0P57O529TXV59LHTZ1ICX9B973W1XG83T4YM','1U51Y4X9',1,-1378035575),(43,'664EM','ID082','X0MPNEU18S973AQ7R002728327NEYCN6AH238Y6P1S9K2UA8629QOCCY0CM','W5NJ5',1,5085),(44,'6NL3J','ID015','YW8NZ22X4700YJL37TO5CA0793JQQ','VL6C38',1,-556),(45,'2C7SV','ID049','V0JQ','3',1,-87823780),(46,'5762L','ID014','96M22SN','X',0,31),(47,'6L06H','ID024','N69G','34JE',1,-918164956),(48,'01XTV','ID048','XCML0K7S2M7H','YM',1,-669534266),(49,'6JF9M','ID037','6YF','VQ3',0,-674003085),(50,'08K1B','ID065','6LVS8Q9','139K',0,57),(51,'CI465','ID025','ZGIUDT1765SX4IAS77C770200Q32267AOJ14E1Q8N8356P884338U6J759O0RW1L22814027E6M0Z05GX0YWRFYQ1F46','Z',1,-203712587),(52,'3E03L','ID006','A53ZOC8CVWV','6K',1,73),(53,'4ZNGV','ID014','L7W72516XDS13LAUNY8T10O71G8418HQ9827H7ID0X','2X1',1,-226969571),(54,'3407L','ID059','7IO94YHH8JAYJ9MY3MQB2729FB7CSGVM9O','5E579774',0,-307551686),(55,'6U59V','ID069','5P6ROI90IRGTDYT3ZFO6S68P3J7XEAU4','E',1,-734426374),(56,'36Y8R','ID066','8XKFFW1ZREP4FU25Q672D9MZ11D2AWHH7','57A2',0,-283),(57,'62BER','ID005','64F28A1KZ5B1N5A3S','U0MS',1,-1376525023),(58,'49IIG','ID040','RY7S12','F1107PZ03Q568OY09O54299',0,-343846951),(59,'C2HT0','ID076','D49','03B6CDS28',0,-70),(60,'1PPYM','ID038','TODAO8A','1ZJ41A0',0,-302277780),(61,'2VBLJ','ID093','3V7650YQWD','F0',1,-732720079),(62,'00R5M','ID076','R366HDUP35B9A6O00IDT83721JSU12','6PG0CK0DI',1,-242841571),(63,'4GOGH','ID058','XCT20J7A0011M2S3C9A5Z86ZY','1D09',0,-831260998),(64,'4GOGH','ID098','XIYPT4433KN2G7PJ','XUV',1,7),(65,'34J1R','ID008','50DTS8','OH7M9892',1,-727036145),(66,'49IIG','ID039','OH97Y67Y215T7OLC17X245','3',1,-7192),(67,'9B38B','ID005','051WF22I667A78VJYMVE94M577PHM97','0VJ5J00AXJCM3VR50823D2PMG6R9KA',1,-1262584612),(68,'7TINB','ID079','442QBWOL9V4J7SA31P1LA1VVFPR94','V4M9NQ',0,-1043768507),(69,'2C7SV','ID012','8SR2B2MX30X0','70',0,-222529477),(70,'3HAYL','ID023','337954OIA5RN8UL1W83H40DV7SGK81U27N724MCX5T117JQE6H00LSG5X818T58209YG98DT68H96','8D68BPPA60',1,-968400144),(71,'2VBLJ','ID048','13K1329H','YD5EM7O579W44O',0,-8),(72,'P50F1','ID077','QTC707EY07R6921H814WY7SZ3K3HBQLY63O35E','4K8VF51R',1,8),(73,'60SHU','ID054','F1X1ZU45CVNH6W3U9YZUCOE52G1780X9C27L5RU8KLHRZ76O9Y4PWMX4UDW9GM0','4',1,-431812296),(74,'A3UEB','ID017','SID1P89696657N3','VMAC6BAUU5LX04ZSDY73IA32',0,-828908968),(75,'9MZY1','ID069','0KZ75ZP61ZLNZDS6J5FQ62X9J0WMI1Y462946EPJ6S073R01L9C5YX','2',1,-1518331246),(76,'9V0FR','ID075','T1I7X08WG1Z1285','LDF11',1,-759968070),(77,'773QM','ID058','3940538Q1U58D58Z158V','X',1,264),(78,'427I9','ID048','H7U844FP25WD6','5O4QM3RQ',0,567),(79,'8FW6Q','ID037','RW29','883K3',0,-1279583570),(80,'773QM','ID056','L','C1PEL6GP1AZ72',0,-979004031),(81,'0U72Q','ID060','0WR3H8949J8DO8D4U2768Z15H','Z39OB51PT',0,-826925033),(82,'698HH','ID034','769CRNN48Y7DH5XGE1D076I52A','PWC90YY8GXG1Y0F61',1,-1286035221),(83,'2VBLJ','ID082','3EV8R6695ENS1CH5HIWXB2413R07J1N15B580183X','DC2MS55GR3J9SSEX4R22538G82C',0,7),(84,'8KZ7U','ID083','X3SX4C72V213V','24AY57YCK33C',1,-6),(85,'60SHU','ID084','80MH3HM4XH45212SC57COG9D0582Z64OP0BH267296A3CTX9ZI0DIJ8I146456AY2O1YJ3MOK37WBO7PL2TA4H72U59976TX5947BI90T0WWP9L95G48GBE4P2063LPS0CAOEDP5WS15','9699ZEQ',0,-814905774),(86,'S6445','ID033','O58NG3V7WJ4C3JA3R1N5HV6','32',0,-2),(87,'7TINB','ID058','D800VO8','92U',0,-1648787202),(88,'1J5FJ','ID039','V9805KDG4CNJR7NV2W7HEQ7UUZKE3O5JBL275DR5N88ML','1Z4PN92AO2Y',0,-7),(89,'8NCOQ','ID041','UO13K3WCKD2VV9QY3H5UY8531ULYPHO6I3VS50AO','S',0,-8),(90,'698HH','ID057','7YOXN5595Y0W7','E',1,-6440),(91,'2LC1V','ID059','673F0QMO044L','65UJI6G',1,-435307056),(92,'0PR3M','ID074','W97D9263YT614J6B1VK5546OYN6','Z',1,-96),(93,'9915H','ID010','B4I3F45DXAVV602UYP5Q3','ZO90D1',1,-726),(94,'6MHWR','ID049','X1587','X28351B6G5JUM2E6PU',1,-1406541911),(95,'427I9','ID088','M2N537VI27WB3P87','Q',0,-508789526),(96,'9915H','ID097','0CP82NP2J','DQIQ90ZZGR4BJD677X2UI63028',1,7),(97,'1EMNR','ID042','T1S6U73U2','4CNU3MV',0,-952209710),(98,'66WYQ','ID069','9208NJHGJGUD0F2UBUSHU','01RFU7GKP44EZ782CC',1,-783041033),(99,'9915H','ID073','L49B06ZNUOYYC19645IR81T9L410L21346K45B34Y723YS0956FKWPL27GM5AI9IB','ZGFO',1,-492479188),(100,'17C3L','ID032','W47F3OZ6D3500WLC300PD06COW0Q','O0XKP7P',0,76),(102,'01494','ID001','***','2019-07-31 16:43:54',0,0),(103,'01494','ID001','***','2019-09-01 13:38:38',0,0);
/*!40000 ALTER TABLE `question` ENABLE KEYS */;
UNLOCK TABLES;

--
-- Table structure for table `question_praise`
--

DROP TABLE IF EXISTS `question_praise`;
/*!40101 SET @saved_cs_client     = @@character_set_client */;
 SET character_set_client = utf8mb4 ;
CREATE TABLE `question_praise` (
  `question_praise_id` int(11) NOT NULL AUTO_INCREMENT,
  `ID` varchar(40) DEFAULT NULL,
  `question_id` int(11) DEFAULT NULL,
  PRIMARY KEY (`question_praise_id`),
  KEY `FK_Relationship_27` (`ID`),
  KEY `FK_Relationship_28` (`question_id`),
  CONSTRAINT `FK_Relationship_27` FOREIGN KEY (`ID`) REFERENCES `user` (`ID`) ON DELETE RESTRICT ON UPDATE RESTRICT,
  CONSTRAINT `FK_Relationship_28` FOREIGN KEY (`question_id`) REFERENCES `question` (`question_id`) ON DELETE RESTRICT ON UPDATE RESTRICT
) ENGINE=InnoDB AUTO_INCREMENT=101 DEFAULT CHARSET=utf8;
/*!40101 SET character_set_client = @saved_cs_client */;

--
-- Dumping data for table `question_praise`
--

LOCK TABLES `question_praise` WRITE;
/*!40000 ALTER TABLE `question_praise` DISABLE KEYS */;
INSERT INTO `question_praise` VALUES (1,'ID037',5),(2,'ID017',93),(3,'ID064',38),(4,'ID059',15),(5,'ID043',6),(6,'ID049',80),(7,'ID063',67),(8,'ID086',14),(9,'ID005',87),(10,'ID055',22),(11,'ID007',77),(12,'ID067',19),(13,'ID008',50),(14,'ID083',28),(15,'ID082',64),(16,'ID034',87),(17,'ID069',82),(18,'ID039',58),(19,'ID045',31),(20,'ID082',1),(21,'ID078',93),(22,'ID011',20),(23,'ID063',50),(24,'ID083',11),(25,'ID084',88),(26,'ID094',80),(27,'ID024',22),(28,'ID049',43),(29,'ID009',25),(30,'ID055',45),(31,'ID079',14),(32,'ID082',87),(33,'ID079',1),(34,'ID035',21),(35,'ID061',16),(36,'ID065',7),(37,'ID046',94),(38,'ID083',89),(39,'ID012',95),(40,'ID085',66),(41,'ID068',2),(42,'ID002',75),(43,'ID027',53),(44,'ID086',91),(45,'ID077',22),(46,'ID038',19),(47,'ID028',89),(48,'ID035',67),(49,'ID035',41),(50,'ID009',62),(51,'ID019',49),(52,'ID073',5),(53,'ID060',27),(54,'ID006',73),(55,'ID098',64),(56,'ID079',8),(57,'ID067',38),(58,'ID009',23),(59,'ID004',54),(60,'ID033',73),(61,'ID063',18),(62,'ID057',32),(63,'ID030',70),(64,'ID050',84),(65,'ID010',81),(66,'ID099',11),(67,'ID024',44),(68,'ID044',82),(69,'ID089',34),(70,'ID073',33),(71,'ID045',28),(72,'ID047',98),(73,'ID006',32),(74,'ID079',14),(75,'ID084',77),(76,'ID037',76),(77,'ID046',74),(78,'ID093',27),(79,'ID029',18),(80,'ID021',59),(81,'ID036',69),(82,'ID069',76),(83,'ID002',19),(84,'ID082',38),(85,'ID030',97),(86,'ID063',27),(87,'ID006',83),(88,'ID030',90),(89,'ID060',67),(90,'ID026',60),(91,'ID052',98),(92,'ID094',12),(93,'ID074',86),(94,'ID007',82),(95,'ID022',65),(96,'ID060',83),(97,'ID038',84),(98,'ID083',99),(99,'ID079',10),(100,'ID090',65);
/*!40000 ALTER TABLE `question_praise` ENABLE KEYS */;
UNLOCK TABLES;

--
-- Table structure for table `question_report`
--

DROP TABLE IF EXISTS `question_report`;
/*!40101 SET @saved_cs_client     = @@character_set_client */;
 SET character_set_client = utf8mb4 ;
CREATE TABLE `question_report` (
  `question_report_reason` varchar(300) DEFAULT NULL,
  `question_report_id` int(11) NOT NULL AUTO_INCREMENT,
  `ID` varchar(40) DEFAULT NULL,
  `question_id` int(11) DEFAULT NULL,
  `question_report_time` varchar(30) DEFAULT NULL,
  `question_report_ishandled` tinyint(1) DEFAULT NULL,
  PRIMARY KEY (`question_report_id`),
  KEY `FK_Relationship_13` (`question_id`),
  KEY `FK_Relationship_14` (`ID`),
  CONSTRAINT `FK_Relationship_13` FOREIGN KEY (`question_id`) REFERENCES `question` (`question_id`) ON DELETE RESTRICT ON UPDATE RESTRICT,
  CONSTRAINT `FK_Relationship_14` FOREIGN KEY (`ID`) REFERENCES `user` (`ID`) ON DELETE RESTRICT ON UPDATE RESTRICT
) ENGINE=InnoDB AUTO_INCREMENT=101 DEFAULT CHARSET=utf8;
/*!40101 SET character_set_client = @saved_cs_client */;

--
-- Dumping data for table `question_report`
--

LOCK TABLES `question_report` WRITE;
/*!40000 ALTER TABLE `question_report` DISABLE KEYS */;
INSERT INTO `question_report` VALUES ('UC4GR662312XE4H5MBDU923644WLL3QE563EEQ7QBBT7',1,'ID076',84,'WB',1),('1Q1PD6V64FZ1L49Q56430Q66',2,'ID035',95,'9XI093',1),('D0ZL',3,'ID051',25,'0DKV',1),('0288W40G4239',4,'ID037',77,'50TJ',0),('1BE707ML99KDMA3643X9JDY683Y2E5KX',5,'ID051',91,'0B9',0),('GEVTCAE8O60M1AJ',6,'ID021',84,'8Z89B6EF06DEM7I',0),('RR898UGO6B6X1P5JIXTG9X7',7,'ID057',22,'VNNO',1),('Q6B57CS89D7M60NS894OHFLFRE44GQ8D0CB66WFVQ70FLR7K6',8,'ID008',60,'BRQ',1),('9KR71J7Z872Q449MWE6',9,'ID019',53,'HZBW1',0),('5ACNC5TKNV0ND341',10,'ID024',47,'6A1V7ZF',0),('CN0EYATADB',11,'ID090',16,'7I4T1986TP0W',1),('4X3TBIYHP7FH9N1',12,'ID012',68,'N',0),('B2L7511CO97Q15W07487C1P5WX8ZUS5FEAP16UHAU6N07Q00ZD5TD3SR76O1FJ8YHE657N680J334B376157O1K9OLMB836',13,'ID042',76,'T8W9',1),('56YB4PBO0K1137011BU9K7',14,'ID072',49,'3',0),('1F06LCJVGZ5ZWI5JO05K907P6XP65K8E4B',15,'ID081',3,'9H6QJZ9',1),('6MN377BI5',16,'ID082',27,'R6TV58Y0C1IG',1),('11GJ55LB9XY5VQN80DC9LWFE29F7X4OJYQ82S8V',17,'ID041',18,'TG1OL5OB1',1),('Z2Q576275Y6P9X86515KS0',18,'ID019',46,'3W58',1),('H358PY2RZL3771784D34BH9J1ZSM58D5366K2AHY8822V0S0973MY90IH574N',19,'ID058',100,'U5',0),('98N0',20,'ID083',38,'E51',1),('13IBW0F8FVTYRP3263ZO2A1AHZT',21,'ID090',6,'FRAVTC',0),('PX874ZIZ6H',22,'ID043',44,'J',1),('160XC5T52UZJ0KM4HEUL711C0I70T7Z34W50295IP08IMAW',23,'ID052',51,'4951779N',0),('L08SDDX71PQEM3XK431K5L3',24,'ID037',21,'2L',0),('1ZHXWZVPQJK2K83',25,'ID049',73,'E428AGIXM5EV5RR',0),('8IS0L8O68ALR5MZ5M2H5SHJ6OH700R1WC9PY5C7GU4',26,'ID057',96,'583XR2X95LSN9B',0),('45V9994870242W7XR1CEZRVSXEJ55V2DJ0A7M8QC1K21959PJP',27,'ID014',24,'5',1),('J170891T1XY6CW',28,'ID059',48,'749VU0JEK',0),('654HZKI0Q93495U9X58VHT196OFG7J30X',29,'ID032',16,'4BO',1),('EF7H5',30,'ID024',26,'1O28AZJ10Y89NHK4',1),('TZRT5G1T2BD1EBW4UH2JB5500F649R1GT093',31,'ID059',2,'UIO8J7FA',0),('6SP',32,'ID018',67,'3AU6M',0),('I30Z4AT4Z',33,'ID001',35,'19TWM7Q7O3',0),('4ZV6G',34,'ID037',22,'LF39H5',0),('O9W7H9F425R7900CD8VJCUKD7N6LOG8V652',35,'ID016',91,'2IEKK42IKN370R',1),('327RTA751001',36,'ID023',84,'5DO',1),('5SAMQ7B30M8SS76IUTKI0Q4V9JUI3858D8RG',37,'ID097',49,'0',1),('KYK1IBVU99W70R3',38,'ID052',85,'M',0),('B0Y751C0JL',39,'ID041',53,'7S1C136AF',1),('FH85536E040TDUTVH1ADV6',40,'ID036',13,'C',1),('07DL9ROO0X2DK9PPF5GV4D3OVDK160VMQ710O9',41,'ID058',64,'S',1),('94596WMB9H76JV1345N76095554Q3WO7A9IBM',42,'ID089',21,'8298CN1D31F883',0),('T39671Z4B0P839K',43,'ID066',44,'WQ3F62',1),('6400O340D7OWG6E8022BSNM0IQ8',44,'ID049',89,'WEA1',0),('40256E0HG2',45,'ID074',43,'PL',1),('U',46,'ID038',58,'5',1),('XR1V31569V243RKMW6MQ5',47,'ID027',68,'A',0),('EADR97',48,'ID050',38,'AW7JEK2DO',1),('43UH7J36H',49,'ID034',1,'6',0),('C3CN447RPLRUR4JU88RWYTY3AGT3O817J5UH34384PEL554L33DO0N7NJ07KLTGFLW65EE3X5G3EB4560928951P18PHTQUEGKUD10095813L96EU62546393MSZHN6UK9O2T7XLVJ',50,'ID090',99,'D470',1),('2ZN16JBA9I5T14B0V83FAIX92YV9O8C0D',51,'ID029',95,'K',0),('35092V40J8C8014WDE8Q0DJAC',52,'ID078',90,'G415M1F43U31',1),('GD27B5E2CU1LW6TTQK29J22RN8IE',53,'ID008',31,'411Y',0),('B5VN37F6J838E0EEAF8M30E4P0ZON76SH38QMH',54,'ID047',55,'4',1),('FCU',55,'ID003',1,'25PC51Q9J',1),('90I52L5BU47H02KCYNBU3G7B70',56,'ID028',93,'3TB2O8Y5H17LU59',0),('53HZ599G2FZYFKP7676WGX84B5AXR02SA06L1DZ67K2O0DQ71U73M8S29F9948B8V9908LEKS306RTPK0TC9EVT6KFBZOH6IUMJP1PGWJG1WZI897P',57,'ID015',86,'SB2',0),('YT834F5T3DI8F5R22D1L6IL9Q95NZZAK2F690K3C20OPX1690640F8L3RVF7Q3326FCWTZF36GQ',58,'ID075',49,'1',1),('9G4R3X5B344S0995OF41PO2VQFYU56N3B55EL1Z2',59,'ID066',83,'33I705G0K15HV6W26G2O0B',1),('943H4263CPV2M6K89EQUQY4C316HEK5WY6607Z0HJT3',60,'ID002',42,'FVJ8V465ULCF66J8O4208',1),('FH8',61,'ID059',22,'BH3XU6B380',1),('2YCEL',62,'ID024',10,'2G503',0),('314IA89B4H',63,'ID029',42,'223H52',0),('308B4VSJYO5P09SFY',64,'ID035',44,'RA0FPRI',1),('855',65,'ID062',33,'L05U5C1S6NQH2SZ',1),('UBH2H69953803L3DY6Q5WRXS47OZ2H76EY',66,'ID070',11,'VPOWJB',1),('5X7RYU',67,'ID022',34,'G57G0',0),('76VPHYPE432APQ5322L0D5G2463',68,'ID090',100,'SG',1),('7O1G2UQL817IETFI6QA9WRZ1ZKA05P131G8OE96EXK8D1',69,'ID030',47,'ZZJ4YME9KI1HUS9842T42CXNRFHPVS',1),('09Z40L',70,'ID095',87,'02',0),('WLON2C',71,'ID024',67,'9PI',1),('VI476815446VHF96820YCUN9NX3A3QMT4V0Q0OVQZ4517W738',72,'ID071',95,'MT',1),('41',73,'ID008',62,'L0XVC9XN27X84T35HA6',1),('U051FL11H6L8060G4F12Z6E1Q61667H8ZA2A28Z43G',74,'ID011',14,'7S0A',0),('W',75,'ID015',16,'IZ9C',0),('FWG2QU7E0VACGV0WN39WO9Y04DCM6XB22E247I4842CDO2NR66G450U9403X810Q32Z1QG63969LJJ1U9L7',76,'ID049',11,'7411C8',1),('6X82P10Z1TW7R22',77,'ID041',25,'I',0),('I4U05Z3Z9CV7LMZJS3HNL3WGR98OR3854YF149FPRP3QE8H28L',78,'ID091',32,'I3',0),('N3E9KBDPSTHU5',79,'ID093',47,'6',1),('H35E78N268TU271572HV55LFG6W5S2TT',80,'ID067',33,'4ASM',1),('KW5G93',81,'ID095',68,'N1',1),('0RUI4DGU025Y50602',82,'ID034',37,'32',1),('0N4QG1AR3C655SXW35AP1AO6997T1MQ038CKTBQZ09H0SJ4L5UFUD5G4S',83,'ID035',80,'4N0R55ESG42',0),('F704T3VI101N7H5L59298S320G396S5500I7984',84,'ID087',23,'AL953ZN',0),('46INX01V7DXCXUQ2F57LYNH760',85,'ID095',70,'SJ773AKH',0),('10X33Y1E',86,'ID093',48,'POQU0629XI58P0WI',1),('C545F026GH0820QO456S55Q6MCRJE85HL6SXA52RNW3Y9W',87,'ID019',16,'E37KBX5142RP',0),('97X5T1KY8526J2OH4Z0I1745286Z0685F4TF414TR444D0WG8Y',88,'ID084',39,'S1J',0),('D1VO6S8QJ',89,'ID012',32,'6',0),('45J6V8UCJ071E06Z5',90,'ID012',38,'8',0),('73A799NEUD92J025VRY5ULGO6L96H4IHF1C0',91,'ID099',29,'JYN64SXRT07PH59LI9S',0),('C80X4R2V499Q6643UZTQP1TBGBKD13M7GCWR06X25H417O6C1',92,'ID059',29,'X84',0),('NYH9BI00V840L9UJI4B643QPGF22R',93,'ID081',9,'ZVU',0),('YLTQT8DDO',94,'ID078',29,'9',0),('XD9B293LBHZ3603S47Q6UY4BJ0HZ0FBP6F9Z',95,'ID078',9,'3223E73Y7Q69FR4U',0),('OAXR341YDFZ8768XD0XP677A',96,'ID085',4,'6OQ3',0),('WHZ0LJ5962ANC89WB',97,'ID032',45,'KG',0),('IO4SB8POM3H0YLO503C98P8GVO19822BH8A5',98,'ID064',72,'55O6DYMV8U5',1),('IOP3C2RP2OB78N01G008N39S67L8911NUJIQ60DIV83JR3I0V58',99,'ID091',62,'7A4',0),('441058119YL7BGP8G665',100,'ID086',93,'6',1);
/*!40000 ALTER TABLE `question_report` ENABLE KEYS */;
UNLOCK TABLES;

--
-- Table structure for table `system_message`
--

DROP TABLE IF EXISTS `system_message`;
/*!40101 SET @saved_cs_client     = @@character_set_client */;
 SET character_set_client = utf8mb4 ;
CREATE TABLE `system_message` (
  `admin_id` int(11) DEFAULT NULL,
  `content` varchar(3000) DEFAULT NULL,
  `image_url` varchar(30) DEFAULT NULL,
  `time` varchar(40) DEFAULT NULL,
  `message_id` int(11) NOT NULL AUTO_INCREMENT,
  PRIMARY KEY (`message_id`),
  KEY `FK_Relationship_135` (`admin_id`),
  CONSTRAINT `FK_Relationship_135` FOREIGN KEY (`admin_id`) REFERENCES `admins` (`admin_id`) ON DELETE RESTRICT ON UPDATE RESTRICT
) ENGINE=InnoDB AUTO_INCREMENT=3 DEFAULT CHARSET=utf8;
/*!40101 SET character_set_client = @saved_cs_client */;

--
-- Dumping data for table `system_message`
--

LOCK TABLES `system_message` WRITE;
/*!40000 ALTER TABLE `system_message` DISABLE KEYS */;
INSERT INTO `system_message` VALUES (1,'','','2019-09-01 22:45:34',2);
/*!40000 ALTER TABLE `system_message` ENABLE KEYS */;
UNLOCK TABLES;

--
-- Table structure for table `user`
--

DROP TABLE IF EXISTS `user`;
/*!40101 SET @saved_cs_client     = @@character_set_client */;
 SET character_set_client = utf8mb4 ;
CREATE TABLE `user` (
  `name` varchar(20) DEFAULT NULL,
  `major` varchar(40) DEFAULT NULL,
  `grade` int(11) DEFAULT NULL,
  `sex` char(1) DEFAULT NULL,
  `department` varchar(40) DEFAULT NULL,
  `nickname` varchar(20) DEFAULT NULL,
  `ID` varchar(40) NOT NULL,
  `banned` tinyint(1) DEFAULT NULL,
  `avatar_url` varchar(100) DEFAULT NULL,
  PRIMARY KEY (`ID`)
) ENGINE=InnoDB DEFAULT CHARSET=utf8;
/*!40101 SET character_set_client = @saved_cs_client */;

--
-- Dumping data for table `user`
--

LOCK TABLES `user` WRITE;
/*!40000 ALTER TABLE `user` DISABLE KEYS */;
INSERT INTO `user` VALUES ('Jenise94','3TIA78C62',-607848502,'M','Facilities','Horacio7','ID000',1,'http://reneeding.tr/eaar/tio/witnotte.php?t=11'),('Bettyann2010','3',-1123978011,'F','Human Resources','Arlen2003','ID001',0,'http://esth.nz/for/tovernt/forwaentthe.htm#6'),('Abrams1953','2A2Y2',-457270159,'M','Research and Development','Bruno1996','ID002',1,'http://www.thareinis.kr/al/atating/edareome/hering.asp'),('Bowie1970','SNPL',-1843,'F','Marketing','Peter52','ID003',1,'https://www.youshoan.gr/all/tertihi/thaionwa/allforentera.htm'),('Florentina2007','J',-1604155485,'M','Research and Development','Rowan1990','ID004',0,'http://eriteaare.lu/erwases/onforne/aseveed/hading.asp'),('Carl6','HN',-1364790043,'M','Executive','Rossana2000','ID005',1,'http://www.thaarethe.be/hin/ith/thierawither.asp'),('Acevedo2015','WG6Y1OXBIK9',-212594482,'F','Finance','Peacock1991','ID006',1,'http://haeramehin.be/oritte/nt/withinle/wawashat.asp?id=70'),('Hugh22','5JFMWO176',-1252221432,'F','Facilities','Owen728','ID007',1,'https://www.arendrear.at/itwit/isfor.html'),('Sebrina958','U',-386201500,'F','Executive','Lister616','ID008',1,'https://www.theraare.ae/hisall/ne/ver/esedyouted.php?t=22&p=4048'),('Easter1951','829X1O3',-660668056,'F','Finance','Redmond164','ID009',1,'http://www.inghat.fi/thaerea/anden/an/allalhest.asp'),('Sapp2024','DJ16G7819DS396SA54Q6ICW9D0R67V09M9',-967042808,'F','Information Technology','Joan1959','ID010',1,'http://www.rethehito.ae/astedou/enereour/ith/hiedhates.asp?id=125'),('Vivian532','S',0,'M','Information Technology','Abney2027','ID011',1,'http://www.sebut.au/tebut/are/evewasourou.php'),('Flaherty164','12B18',-351934054,'M','Research and Development','Lynwood1950','ID012',0,'https://ouithare.be/orion/eronneen.htm#22'),('Deon1957','HO7P44501DXD',0,'M','Finance','Worley596','ID013',0,'http://www.hisnotal.ge/erheeve/esedbut/ith/toit.php'),('Shauna1989','U',208,'F','Facilities','Maples6','ID014',0,'https://www.leandve.gr/hisuldnt/al/toeror/nehadherer.php?t=53&p=22'),('Roach683','J0',1465,'M','Executive','Adan2009','ID015',0,'https://retioithnt.ae/you/ith/nt/erehad.php?t=94&p=9611'),('Buck1962','IIY',-2386,'M','Human Resources','Acker2000','ID016',1,'https://youth.es/toerou/eaarhenre.asp'),('Leida2014','UCLYL74YCL7IA80',-196707782,'F','Human Resources','Agustin1','ID017',1,'https://www.nteveingea.ca/edtioen/st/stan/thorteand.htm'),('Tammy2020','1OZV',-1014182893,'M','Executive','Aimee773','ID018',0,'http://tois.br/thionti/thahather/ereoulbut/aneve.asp?id=865'),('Reggie2001','I',-639965294,'M','Executive','Santo2008','ID019',1,'http://www.enthi.cy/stne/ent/entasnd/leesittha.html'),('Lilli61','2',52,'F','Executive','Osburn123','ID020',1,'http://www.eraonhen.lu/alforand/mehinen/ment.asp?id=571'),('Crista2020','37LJ',-405325705,'F','Sales','Abernathy444','ID021',0,'http://www.entforesnd.fi/andorera/ndhatter/thsereent.html#38664'),('Zhang9','1J4EP816XQ0N',-2021514546,'F','Finance','Dane26','ID022',0,'http://www.oulyounotat.br/athadse/tohileer.htm'),('Eunice2','D7ECLGM2Z9ZC078TU3ABBZE',-1109481638,'F','Customer Support','Florencio1992','ID023',1,'http://www.hatourmeoul.br/tio/eraere/asth/verwasfortio.asp'),('Reece756','XZL',-1703066585,'F','Customer Support','Katie1971','ID024',0,'https://omestor.cy/era/ourtemeon.htm'),('Richard843','84',-699301111,'M','Facilities','Ammons2025','ID025',0,'http://tiontallour.br/seareis/toense/hintesho/asou.asp'),('Wiseman2016','0RK5M',-359183619,'F','Information Technology','Kristle1995','ID026',1,'https://www.istiallhin.za/tha/lelehi/eraisnot/isallntas.htm'),('Audra1967','F0',-1941846390,'F','Research and Development','Isaias1962','ID027',1,'http://waswitted.ua/onthihe/had/iontoyou/tiforbutere.php'),('Rojas837','0B2O814',-90616742,'M','Research and Development','Clarinda1961','ID028',0,'http://newasatnd.ca/ver/hadou/reasit.php?t=40&p=2495'),('Adolfo1964','36B9',-128017400,'M','Information Technology','Dixon1966','ID029',1,'http://www.aruldenth.br/ngnthad/was/itngre/thhistehad.htm'),('Omega1973','F',-1904356901,'M','Information Technology','Laureen1971','ID030',1,'http://www.herhatasthe.ch/hintione/reing.htm'),('Nagle52','473',-1635266196,'M','Information Technology','Beasley2018','ID031',1,'https://hastngan.de/onallat/ouere/ome/haan.php'),('Agustin6','79I0',-1091505872,'M','Research and Development','Matilda435','ID032',0,'http://www.veashand.dk/heionan/shoandent.php'),('Tracie1974','6B09B790331229KX7906TN',624,'M','Customer Support','Scott977','ID033',1,'http://www.thever.dk/rengnt/eaoued/entanour/ionor.htm#77'),('Arsenault69','I',-399,'F','Executive','Abel82','ID034',0,'http://esarnduld.lv/tethithi/uldhisen/tite/henalenthen.php'),('Anthony1964','97J1',-541520081,'F','Information Technology','Robinette2004','ID035',0,'http://www.veareing.nl/her/oulerahad/he/erahadevean.htm#4'),('Marlon8','GPT3',-719,'F','Information Technology','Alonzo7','ID036',0,'http://ionrehen.ua/mealver/tiondve/terereera/terour.php'),('Lacy1968','YO',4931,'M','Executive','Alesia2015','ID037',1,'http://www.thaeaaser.cz/aranea/neououuld.htm#9189'),('Celesta663','19P6360N1BP8V6028204799',3,'F','Executive','Laverne2005','ID038',1,'http://www.neall.es/hiseas/eahatere/ndanen/nevertio.htm'),('Jinny1990','55255EWM',-686781112,'M','Consulting','Chuck2026','ID039',1,'https://hinshoinha.at/areerer/atwithe/stonterhi.php?t=87&p=51'),('Norberto2008','NSO',-504416365,'M','Customer Support','Barton9','ID040',0,'https://annteaea.eg/leedar/atthihiat.html#98'),('Abbott949','088',-7443,'M','Executive','Gayle58','ID041',1,'http://www.tetoallent.mx/ngouyou/orhaes/esome/areeroulera.php?t=56&p=1696'),('Adrian1962','1AT218CZ',-6035,'M','Research and Development','Randy33','ID042',0,'http://inghad.ge/ionneour/inghithi/verngme/onstnt.htm'),('Rey447','29',-1033125358,'F','Executive','Ezequiel131','ID043',0,'https://artheha.it/staruld/atesation.html#94103'),('Nicola451','2G24',-765208584,'M','Manufacturing','Abernathy1979','ID044',0,'https://hadleentyou.fr/all/uldwaserit.asp'),('Alicia1975','981O63ET',105,'M','Research and Development','Abrams468','ID045',0,'https://foristithi.ca/ndereha/youforentis.php'),('Sonia1998','0',-1621438635,'F','Executive','Hurley1961','ID046',1,'https://edhen.tw/entareto/sehen.php?t=14&p=791'),('Reuben575','4D9',-946089517,'F','Executive','Ignacio454','ID047',1,'http://www.ingtha.mx/theall/ionereng/wahen/alha.asp'),('Angelo39','IZ530PM4L4QA3CH812QT25L',-1167220119,'M','Marketing','Jimmie1968','ID048',1,'http://erera.de/ourteour/erethehis/wastarbut.php?t=40&p=19'),('Forrest953','N',-1918919846,'F','Executive','Alfaro3','ID049',0,'http://www.ertost.za/ereometha/wasnd/theour/asorthehat.html'),('Eng51','W',-1224623907,'F','Information Technology','Dorcas854','ID050',1,'https://www.enesbuthis.ae/tiis/you/edfor/thioneauld.asp?id=71'),('Laurence388','UEG',-81,'F','Sales','Farrah2011','ID051',1,'https://foredasall.at/thaonre/butereha/evewasas.asp'),('Bradford2017','1666D4VB7KQ94',9855,'F','Sales','Abdul7','ID052',1,'https://ourforndte.mx/hinherha/as/butnestere.asp?id=659'),('Jillian87','0',471,'F','Research and Development','Owen1963','ID053',0,'http://letereatha.cz/oulingoul/ithadteng.htm'),('Karissa1950','8YJTER3BY',-1234799052,'M','Executive','Theodora2026','ID054',1,'https://www.butenhisfor.hu/enoulon/omealhin/are/ternotsho.php'),('Abigail987','M',-1730994412,'M','Executive','Abel2003','ID055',1,'https://ndnthatfor.lv/evewath/erhinhenter.asp'),('Kauffman1','3O915575',-1817928661,'M','Executive','Emelda1972','ID056',0,'http://www.shoteredwas.ae/theleas/nethiit/ionte/orwa.htm'),('Eugene1983','UZ4FPNY',-1873713401,'M','Operations','Eldridge1985','ID057',1,'http://www.ithhisshohi.jp/alha/leinareher.php?t=27&p=6744'),('Monique1981','G08T6',-1912640289,'M','Executive','Headley368','ID058',0,'https://tiohinneen.hk/or/andwashin/ou/tihieater.htm'),('Anamaria381','EG265LZY2XK',-2079408415,'M','Marketing','Hertha1966','ID059',0,'https://enthentth.at/aronat/entthhe/hiit/asithinnd.htm'),('Willian1950','9F9YJ6J2',-166114651,'F','Human Resources','Steve2011','ID060',1,'http://www.uldar.kr/ed/oulnotal/esitverat.asp?id=762'),('Rouse1950','3',-2118416571,'M','Executive','Crissy1966','ID061',1,'https://www.istehenea.cn/te/erele/tioenthe/eareionsho.php'),('Baron2','9',-1224810803,'F','Consulting','Hankins9','ID062',1,'https://www.shoyouourhen.ca/th/enthiere/erand.asp?id=99'),('Allene1991','0',-272068583,'F','Facilities','Terence2009','ID063',0,'http://www.hadallforea.be/as/me/uldbution.asp'),('Adolfo2025','VVY',-661038055,'F','Marketing','Elaine1954','ID064',1,'https://atre.au/thatheen/hisheryou/hatyoueraher.asp'),('Ellsworth1982','88L18W2H3E0ES67K5PF',-1339994340,'M','Executive','Easterling1','ID065',1,'http://eatha.biz/leneng/mehadbut/not/reisontio.php'),('Daysi842','99SA',-1361468349,'F','Manufacturing','Aileen23','ID066',0,'https://www.hiesngng.se/are/ngeveve/thi/butretoon.htm'),('Morales727','H',-764929991,'F','Marketing','Antonio1981','ID067',0,'https://www.ouralveroul.be/ve/eveverthi/thiereith/toisonall.php'),('Clyde956','UD4E',-159740414,'F','Research and Development','Madrid2010','ID068',0,'https://www.altedasit.ar/orith/le/an/uldneented.html'),('Gaston2005','Z',-2096167997,'M','Information Technology','Sherise1996','ID069',1,'https://www.alithngte.uk/nd/he/andto/alwatotha.asp'),('Marquita8','0DE4',-1998589435,'F','Research and Development','Taylor9','ID070',0,'http://allwaasme.hk/ouraling/thehisho/erin/tiolear.php?t=67&p=6387'),('Rizzo2025','L3V',-955734186,'F','Executive','Ezekiel5','ID071',0,'https://thaarreer.es/witwased/eris/hisitheve/mehis.php'),('Agueda2019','1T8U',-444618347,'M','Finance','Akiko1953','ID072',1,'https://hisenthend.ca/onhe/athatar/vengome/leeve.asp'),('Lawson561','68J',-2038698010,'F','Manufacturing','Rafael2020','ID073',0,'https://www.ereatenor.ar/hatwasme/esea.php?t=16&p=8265'),('Adah621','A74',-931780761,'M','Customer Support','Honeycutt2012','ID074',1,'https://www.enerioned.cy/atrewit/atthi/vehatse/areor.aspx?id=188'),('Leonard1965','881ESO12',-717757143,'M','Human Resources','Franklin687','ID075',1,'https://www.isouion.no/enter/ted/onaleve/onforhadbut.asp'),('Enoch2010','8',-91885528,'F','Executive','Marjorie623','ID076',1,'http://alvertoto.au/esar/hinhinte/hererhin/arinertha.php?t=28&p=3288'),('Kieth1986','6H35XDCB5SJ88O',-1799939962,'M','Executive','Tristan2004','ID077',1,'https://rehenerahe.cy/tererver/ar/ououinhis.php?t=20&p=307'),('Jenni8','37',-1298734354,'F','Executive','Danyell2013','ID078',0,'https://www.entithi.com/ingomeere/shoenteve/lelein/eneraou.php'),('Acuna4','7B',95,'F','Customer Support','Debbi2006','ID079',0,'https://www.haoulnotnot.mx/re/ndsthe/theyouhen/oulfortioul.htm#75826'),('Etsuko1960','Z3IS4YQ109',-1874344852,'M','Executive','Couch2023','ID080',0,'http://areing.hk/esreve/ingre.php?t=22'),('Rupert1965','4C',-1946812483,'M','Executive','Autry2029','ID081',1,'http://www.asevehahen.tr/an/erent/ionstit/erebuthisst.aspx?id=784'),('Zena1988','NNM319KL5O',-1279324447,'M','Finance','Gail2010','ID082',0,'https://www.hineaheyou.es/witeren/thealwit/uldherour/everebutti.htm'),('Reiter1980','43D1SL',-1566506437,'M','Consulting','Dobbs1969','ID083',1,'http://haatitne.il/tisever/iteve/ithforer/ermeerewa.html#90116'),('Carolyne69','H',-385513206,'M','Consulting','Eaton446','ID084',0,'https://www.forhend.ae/neasare/tieve.aspx?id=522'),('Jadwiga2019','8',-1945986425,'F','Information Technology','Leena486','ID085',1,'http://www.stthaevehe.cn/butand/onthe/onarehen/leer.php?t=18&p=91'),('Ellis992','T00P5EQJXW',-8,'M','Sales','Houston5','ID086',0,'https://thevehad.lu/his/ingen/ere/waeauld.html'),('Frederic277','6HE937',-892112627,'F','Marketing','Reed2010','ID087',0,'https://hiionedhin.ca/hinarere/stentand/alteea/hihadwahen.php?t=78&p=9730'),('Ollie3','FOKP266',-767,'M','Sales','Norbert1968','ID088',0,'http://www.oulallarehin.ch/our/witeveti/le/youre.htm'),('Coburn337','X2',-648711249,'F','Human Resources','Sherryl1999','ID089',0,'https://www.aseveere.fi/entaleve/henerawastio.php?t=35&p=8574'),('Buck447','17JK55I35',3,'F','Sales','Marie6','ID090',0,'https://alforhadfor.uk/hiforit/isevenoten.asp'),('Miller1980','4',6305,'M','Information Technology','Minerva2016','ID091',0,'http://hieding.dk/ngithoul/hising.php?t=74'),('Winn2022','P',-1685255765,'F','Consulting','Louis8','ID092',0,'http://evetioereing.no/tiouand/assteve/eveourar/ndar.htm'),('Edythe2012','P0221I7SMG0Q',-8809,'F','Research and Development','Melina2005','ID093',0,'http://verinhaent.es/as/entare/alwa.asp?id=819'),('Hassan887','3R0Y53J',8,'F','Customer Support','Mcclendon2017','ID094',1,'http://ereneea.gr/ngenhad/hashoou/wathforas.php?t=91&p=96'),('Adaline6','Y8',-1908699277,'F','Information Technology','Ashlyn2007','ID095',0,'http://hiser.fi/asmehen/arerelehen.htm#9'),('Jerrold1983','84CCU',-1810686891,'F','Consulting','Wiley155','ID096',0,'http://www.thaisthaent.ar/wa/nt/esforneour.php?t=83&p=9660'),('Wilmer876','MUXG5',-1933540820,'M','Executive','Louisa1973','ID097',0,'https://www.esomever.org/alorall/andthiith/ingteoulea.asp?id=109'),('Mario2003','1K5H4W59D8QRC4NJERN',-360171457,'M','Operations','Alane1979','ID098',0,'https://www.alhat.gr/tiover/oureraheor.php'),('Kendall1992','49P5D6P067I',-1679497036,'M','Operations','Archie414','ID099',1,'https://veryouyouen.il/not/ouerve.asp');
/*!40000 ALTER TABLE `user` ENABLE KEYS */;
UNLOCK TABLES;

--
-- Table structure for table `video`
--

DROP TABLE IF EXISTS `video`;
/*!40101 SET @saved_cs_client     = @@character_set_client */;
 SET character_set_client = utf8mb4 ;
CREATE TABLE `video` (
  `video_id` int(11) NOT NULL AUTO_INCREMENT,
  `ID` varchar(40) DEFAULT NULL,
  `post_time` varchar(40) DEFAULT NULL,
  `post_text` varchar(300) DEFAULT NULL,
  `video_url` varchar(100) DEFAULT NULL,
  `type` char(1) DEFAULT NULL,
  `image_url` varchar(30) DEFAULT NULL,
  `isbanned` tinyint(1) DEFAULT NULL,
  `video_praise_point` int(11) DEFAULT NULL,
  PRIMARY KEY (`video_id`),
  KEY `FK_Relationship_22` (`ID`),
  CONSTRAINT `FK_Relationship_22` FOREIGN KEY (`ID`) REFERENCES `user` (`ID`) ON DELETE RESTRICT ON UPDATE RESTRICT
) ENGINE=InnoDB AUTO_INCREMENT=101 DEFAULT CHARSET=utf8;
/*!40101 SET character_set_client = @saved_cs_client */;

--
-- Dumping data for table `video`
--

LOCK TABLES `video` WRITE;
/*!40000 ALTER TABLE `video` DISABLE KEYS */;
INSERT INTO `video` VALUES (1,'ID022','U35','9HG','74903','8','L885E4',1,1),(2,'ID040','XR5WR454ATZF1D6MA11','8D61P9I1VDAL24U916C136XZ8143447L1NG372X33015470A1','69660','N','PU918MU',1,2),(3,'ID080','GJ7','3HT2XOAFZ1YYV4X9OYL8822G3V9M0E4W217D16AM00832LK6JU207','71693','X','G0SB1',0,3),(4,'ID065','6V00G','UT3','87330','3','37U86B3B47Q',0,4),(5,'ID017','9','K763Q2U2Q77MX49W363L85XRDS','31413','6','U8O7K0LL5PQ',0,5),(6,'ID000','7M4Z','672T','95459','O','X81',1,6),(7,'ID058','K4RYOPXIB6T','O9N1HG9632F3JV13','44213','2','2C8Y1M6HRA3OY5464GL28N98215PDD',1,7),(8,'ID073','40IZ','4MVBJ9S1NGTTX3RQP52J07GSCD7XD6D03E5Q1D8E8','35643','O','85IN88SL0',1,8),(9,'ID087','3DS','KCA525H8Z85A2B948F6JGY88NIB29Z5N','18145','2','T4054',1,9),(10,'ID037','30','6I979REB060A9KTNL76ZZGH60C46RBXU96D1HE1','94378','D','T73HJB',1,10),(11,'ID087','O','72QO2OZ','50278','F','1T6629',0,11),(12,'ID060','YE7Y6N','4M89WV06T0I99','33142','M','67',1,12),(13,'ID055','004Z6C81','2893A12DL780B5HGV2RJ7957KY59LK54XRPR1YP6Z6CLI','40194','0','962FOY1QD',1,13),(14,'ID009','F220P524MU0XRS7576M1S3H6EAA','741UEW92M78IPV9573ZQ9XF2EH8KAMX90602CP337Y6','19554','N','LK276Q',0,14),(15,'ID027','J4','66U25','18810','4','4IQGA',1,15),(16,'ID062','K93K2N8W2J6UIC08MJ626ZIRRK','R0D5FF5GLEI79DA26S41P697P2H2OB203M9CP1LD4F25D4M1RM32LT7A9AK1U0X','46677','5','LJ6A',0,16),(17,'ID041','RFY','2A11','46009','5','W',0,17),(18,'ID027','AR99ZQ90V78','F868K89868IU584019U528E6MHXIYXV4WX8H86AJ2','83730','2','MUJ7X13W1LM8Q',0,18),(19,'ID092','623','V9S','02027','3','L053Q23H3J674D8ZW',0,19),(20,'ID093','44A43A','M77V07L98B8028Q7L5TD5027H9515','55968','S','9O2FZCJ',0,20),(21,'ID035','E30K577220Z9Q76M49Y25','SP8PVML96OT5XQNB45476CUQML','90411','6','5L8HXZ',0,21),(22,'ID080','Z','O8RG28BDPEO07J27R4331Y9K04','78998','Y','46',1,22),(23,'ID086','40','NB','03943','1','NK',1,23),(24,'ID049','449','4492VZX34G19428HPG5','66298','9','HG',1,24),(25,'ID083','O3IU','B84WIU6MW65DL9VOOQ1BFIW60T61','35359','2','I15Q',0,25),(26,'ID072','K62M1','DQ03WT2J0T2L1HK0MH','16439','W','S1P5',1,26),(27,'ID077','M79G4P6PN','53AHC4N8JO0Z6J5E16AXNZRF8B889','36620','0','7S8A9OD1G3V7',0,27),(28,'ID013','19G192','X7A77KS00Z147IA46D0WD','24149','Y','L45P',1,28),(29,'ID016','9M5','730UEF2KK2N3HVFKGOTKS543','40438','S','99MLA3N3V',1,29),(30,'ID086','Q0','739K570K67YS5GMRV1OAS167D2V56VZ9O75N960LX6Q91IZXW','83552','5','0X7930T',0,30),(31,'ID004','81','BRI0','38337','4','W',1,31),(32,'ID082','6BS46G','CQGI2699EQ','30963','7','IDD',0,32),(33,'ID046','V4327251U0','CSZITLLZ192240M05W','66037','0','5Y894OZ26495',0,33),(34,'ID067','D78I00MYQ83F87Y','G0J7RV4W8A0','01590','4','05',1,34),(35,'ID086','AW64415Q2SW070','I1V4HR3MYHU33S3WGR714BCWK96Z','85973','L','A94',0,35),(36,'ID054','OZ5F4','J15VMF9163KRTP3053LWQZBGVR2U3W056QS61ZTM4D3FVZ188306C221Z3I1IA9TAIR1M','84805','I','3L',0,36),(37,'ID099','57','ZS8X90704ES30174P7PC4ZP90BO7B','56910','0','3MGFH13',0,37),(38,'ID085','2570U','6F8','65161','9','FWA3O2DAA',0,38),(39,'ID044','36J','03ZWE7A1H97VS','04913','0','22ASGBHUHK',0,39),(40,'ID086','V3U7','4W3N11K5IUYTB08I','48237','A','9DC',1,40),(41,'ID029','69V7ZWBJT','B3DXLQ0','41685','K','8OKS9',0,41),(42,'ID049','Z3','015QU37WJER','21859','6','131',0,42),(43,'ID019','ZS347','LGH9K18527F8HG4CA520514IR5B24PFMHVPZ74695RSA0Y81660SE3B8','10278','O','4UE3710QXB6',0,43),(44,'ID050','P47S81932SAV87P','20HZBSXQ762M11E9E41K842','22405','G','85',1,44),(45,'ID052','7329','4GO22MQFL','79165','R','33Q6',0,45),(46,'ID085','O8J3LVAVO','6W9DLU7LQG4HSCYAH28Y','50280','9','IUEM4',0,46),(47,'ID097','M6RRE7SG14P','6DM1962A','42129','F','3',0,47),(48,'ID027','39795','22686T0E','49284','H','0',1,48),(49,'ID092','G','R2GC4WFR9910Q09KM42820749299269X5BBX1897YE7FC5X490UV06Z','50037','1','6F9U',1,49),(50,'ID035','J','H18LYNP1N6UYIIPY2X26558EN6O3LZ970P5P','35242','M','2',0,50),(51,'ID029','52R4V32','2UB4Z539T03Y0OEVX0D4B','79458','7','79LX97QUEO1',1,51),(52,'ID065','A27124P20QZE','P70R8CHV2OPV2F5PHWUV','27806','R','F04M',1,52),(53,'ID068','1X0Y177','538P952RS53KGVQJ6724I87U047N3D5290K9Q8W355WEB826L687YPB3BIGBT8OR92EG703NO603N563DF','88944','8','0MQ935FF7C4',0,53),(54,'ID078','84V9O3ZR','FCY','14121','P','ZHSU6',1,54),(55,'ID079','VG6','F','31767','U','K25R26VSKALSB481CKT9',0,55),(56,'ID042','7UEE7','VO2C5D08M5UFTM71Y583E931913P50','07457','0','Z6D',0,56),(57,'ID051','14','303B68','61328','1','8648T',1,57),(58,'ID000','XO','31M','38431','J','YY6SUIBM04R570TPN347EA453132',0,58),(59,'ID036','98W06Z1S88','90W2U','26455','1','7MTLU',0,59),(60,'ID041','V52SEZSRC245PFPEGK','Z9WA','42739','6','2',1,60),(61,'ID088','881Q','J603DQ','04213','R','G',1,61),(62,'ID064','23936253P1N9LMN','Q5B867F1CG38U5P9QB4JE27D7974724','39484','J','IM5198P',0,62),(63,'ID065','37Y','B68JUFUF','84991','Y','2K0K6Y50V6SJDUS',0,63),(64,'ID099','UMTW10','72','04244','F','3',0,64),(65,'ID091','F','M3046A619O565IH083DJNA22D03I9VIPI9ZZCK442WJG5E8','70145','Q','6',1,65),(66,'ID065','624','7FD8V547L01OE','98054','8','IP691',1,66),(67,'ID082','JRI4','4EPHN19','44362','H','0',1,67),(68,'ID022','8DJ15RW3','O0','70635','5','7G215D6U7',1,68),(69,'ID016','K','76RJAROW9TK8SF1F','22908','G','NIQMJR31I',1,69),(70,'ID030','T847KW9P6R','6','93082','3','2ZUG',1,70),(71,'ID034','ISH5','UY45VC49VUSD','63253','Q','7PJ5G',1,71),(72,'ID040','PF92CW0NS0QUY7336301F','3OGYWX8WG0BIA3N0XR9BQ96KB0KLEZN1X03L3J00S','94551','1','O',1,72),(73,'ID003','X1JSXP0ZE8QNT6RS706C','7RX3F7','88949','5','2X2HG',0,73),(74,'ID067','VG2453Y3Q','8N8Y588','95108','F','N9W',1,74),(75,'ID034','8M','OU46','77794','4','TL2',1,75),(76,'ID084','8Z','9R','20082','S','9',0,76),(77,'ID098','8M','Y4416N6E36879LURJS9D71C3CD570','56364','9','D',0,77),(78,'ID086','Y5PE3Z0915I','0E4D133532AKEZ2X74338XCUL2ZR7E2NC3E3865PM981L45AT7D2FJ2U2DMESA4240BCVI7FDP13D4K7C9Q7GQ48GV94','97695','K','690KL',1,78),(79,'ID034','QNWML77JL8M6URKJ189','8','91998','3','53O2ZM4L',1,79),(80,'ID036','2K9991B261','9K34BMT026U33EOG0T9HK023FOWTCVO8GCW54937','66990','S','BU8',1,80),(81,'ID013','Q0B8GPF5BU2523717L8O2E99B009A','7M1QJ1R1Z629WN','06755','2','2B',1,81),(82,'ID016','715Z','SKCSAV7AW4348DMM8','07488','8','GT',0,82),(83,'ID063','46GH','6A3N5A90YUP57B6MD5A8H50M88','32875','R','462',0,83),(84,'ID038','1VA7K33I588','5L07L6OP6K','52036','Y','70U8B49O5X',0,84),(85,'ID049','AR86J5','2LQJ1OWW3F43769529BJY','24384','0','758SP',1,85),(86,'ID047','8KHS','MZ9F3895EN259YDUY54P6Y','75458','6','I57AU93',0,86),(87,'ID052','0','IJIDO2L89KW9R38SCXZAQ1891W4M7808UX','44433','2','Z25G37',0,87),(88,'ID059','89','WG5YT3C620LP8603IH2Y097OHJ19S114P8QX7O','54800','0','0N',1,88),(89,'ID030','U','K5FI6C','12139','0','M28SUU3Q3',1,89),(90,'ID004','NY09KC5','T3I2D3843E98D4334','42767','1','1Z8YF7X0023T9YM',0,90),(91,'ID056','J9Z0VI7','6E425Q2AU095FMK1M5W309W18P','88971','9','03K9D',1,91),(92,'ID013','4VHL5Y696','E','52362','4','O',0,92),(93,'ID010','0J8','I4O8IBLD55Q0A766PH20W4X68MN277XRYZ','66703','7','9NG5N37KA6',0,93),(94,'ID033','LU4292Z','IB2RGR07B4666T48DNY49','72462','4','420QW',1,94),(95,'ID081','II290WGS34C5EY2PN652YF2688TG125VY07IF318','353Q31M78J','91789','J','Q',1,95),(96,'ID030','C','1R8G','07226','2','1IC',0,96),(97,'ID002','Z3O56','M70N801VWG1C1I5VVA8976W5230GW','41028','0','K91',1,97),(98,'ID038','QCY','WIY5T8NON4406HFJREW9T43','43895','Y','474YDGY399XH',1,98),(99,'ID039','73TN3BU1T47RS0H50','F9KS0W9','52742','L','407L7L17B',1,99),(100,'ID043','K5','S3UN53FK3N52UPZUNZ','60505','8','16K4Y10V8',1,100);
/*!40000 ALTER TABLE `video` ENABLE KEYS */;
UNLOCK TABLES;

--
-- Table structure for table `video_comment`
--

DROP TABLE IF EXISTS `video_comment`;
/*!40101 SET @saved_cs_client     = @@character_set_client */;
 SET character_set_client = utf8mb4 ;
CREATE TABLE `video_comment` (
  `video_comment_content` varchar(300) DEFAULT NULL,
  `video_comment_time` varchar(30) DEFAULT NULL,
  `video_comment_id` int(11) NOT NULL AUTO_INCREMENT,
  `ID` varchar(40) DEFAULT NULL,
  `video_id` int(11) DEFAULT NULL,
  `isbanned` tinyint(1) DEFAULT NULL,
  PRIMARY KEY (`video_comment_id`),
  KEY `FK_Relationship_7` (`video_id`),
  KEY `FK_post_video_comment` (`ID`),
  CONSTRAINT `FK_Relationship_7` FOREIGN KEY (`video_id`) REFERENCES `video` (`video_id`) ON DELETE RESTRICT ON UPDATE RESTRICT,
  CONSTRAINT `FK_post_video_comment` FOREIGN KEY (`ID`) REFERENCES `user` (`ID`) ON DELETE RESTRICT ON UPDATE RESTRICT
) ENGINE=InnoDB AUTO_INCREMENT=101 DEFAULT CHARSET=utf8;
/*!40101 SET character_set_client = @saved_cs_client */;

--
-- Dumping data for table `video_comment`
--

LOCK TABLES `video_comment` WRITE;
/*!40000 ALTER TABLE `video_comment` DISABLE KEYS */;
INSERT INTO `video_comment` VALUES ('90860','44886',1,'ID068',84,1),('56367','77994',2,'ID012',68,0),('18808','78144',3,'ID078',73,0),('01588','10411',4,'ID010',78,0),('52370','22765',5,'ID031',42,1),('93024','26717',6,'ID071',86,0),('91252','97921',7,'ID058',26,0),('13745','83292',8,'ID013',29,1),('70858','42308',9,'ID003',77,0),('28277','38774',10,'ID091',3,0),('39331','60975',11,'ID092',34,0),('38794','86357',12,'ID015',99,1),('94897','21704',13,'ID051',37,0),('65272','96576',14,'ID043',72,0),('35821','95705',15,'ID073',31,0),('63329','63318',16,'ID042',86,1),('36299','36519',17,'ID052',17,0),('86934','50699',18,'ID095',26,1),('32239','73181',19,'ID050',96,0),('70586','83086',20,'ID016',31,0),('84218','06523',21,'ID028',59,1),('84340','53975',22,'ID065',50,1),('05524','24493',23,'ID024',40,0),('24738','23419',24,'ID034',58,1),('49135','91793',25,'ID024',72,1),('51008','22147',26,'ID035',50,0),('18917','04975',27,'ID061',35,1),('36941','29346',28,'ID008',14,0),('59437','51034',29,'ID004',44,0),('92455','29753',30,'ID000',21,0),('46750','68178',31,'ID052',87,0),('82033','66021',32,'ID063',84,0),('72187','93435',33,'ID034',88,1),('39532','73344',34,'ID018',64,1),('69698','08921',35,'ID072',79,1),('49609','78389',36,'ID033',79,0),('28132','56594',37,'ID096',49,0),('94158','29873',38,'ID087',8,1),('41941','07334',39,'ID027',51,1),('21040','82221',40,'ID025',49,0),('41444','52078',41,'ID017',31,0),('45738','02292',42,'ID078',38,0),('41534','73251',43,'ID041',7,1),('54118','20818',44,'ID080',36,0),('47540','11402',45,'ID046',59,0),('69313','95777',46,'ID092',61,1),('62789','00418',47,'ID063',20,1),('80629','03700',48,'ID084',93,1),('47391','39993',49,'ID087',61,0),('92144','34242',50,'ID081',59,1),('76038','55946',51,'ID078',56,0),('01546','74623',52,'ID052',43,0),('42539','98158',53,'ID048',83,0),('40587','33536',54,'ID089',73,1),('74501','60209',55,'ID038',12,0),('69297','58033',56,'ID032',81,0),('93477','60540',57,'ID042',69,0),('73113','25047',58,'ID028',6,1),('28516','41197',59,'ID067',96,1),('82716','27385',60,'ID060',40,0),('94142','09080',61,'ID053',96,1),('86095','13139',62,'ID069',87,1),('43625','02572',63,'ID016',37,1),('70408','76378',64,'ID020',61,0),('62389','15523',65,'ID091',23,1),('86316','02510',66,'ID079',20,1),('96091','91966',67,'ID050',10,0),('84977','23104',68,'ID082',88,0),('46733','63549',69,'ID022',20,0),('69563','28640',70,'ID041',13,1),('68862','91702',71,'ID016',2,1),('02661','19340',72,'ID073',24,1),('92918','65492',73,'ID027',80,0),('00080','03842',74,'ID058',17,1),('28358','64934',75,'ID056',100,0),('02134','51154',76,'ID036',98,1),('05757','05134',77,'ID008',84,1),('23652','55597',78,'ID097',79,1),('63807','96818',79,'ID079',48,0),('72946','52294',80,'ID068',54,1),('31595','49394',81,'ID032',16,1),('53261','63136',82,'ID094',69,1),('62010','44805',83,'ID016',49,1),('82720','36603',84,'ID098',1,1),('35193','41372',85,'ID018',90,1),('02850','78469',86,'ID069',69,0),('77141','72366',87,'ID096',38,1),('88425','64004',88,'ID090',42,1),('19550','08822',89,'ID059',51,0),('95276','69312',90,'ID067',89,1),('91934','92993',91,'ID009',51,1),('18838','13978',92,'ID027',24,0),('69197','12828',93,'ID088',84,1),('32812','83172',94,'ID008',23,0),('19848','76290',95,'ID048',27,1),('18397','25763',96,'ID043',39,1),('22999','50279',97,'ID084',30,1),('80805','03659',98,'ID016',88,1),('42516','42784',99,'ID083',58,0),('24273','41208',100,'ID023',10,0);
/*!40000 ALTER TABLE `video_comment` ENABLE KEYS */;
UNLOCK TABLES;

--
-- Table structure for table `video_comment_report`
--

DROP TABLE IF EXISTS `video_comment_report`;
/*!40101 SET @saved_cs_client     = @@character_set_client */;
 SET character_set_client = utf8mb4 ;
CREATE TABLE `video_comment_report` (
  `video_comment_report_reason` varchar(300) DEFAULT NULL,
  `video_comment_report_id` int(11) NOT NULL AUTO_INCREMENT,
  `ID` varchar(40) DEFAULT NULL,
  `video_comment_id` int(11) DEFAULT NULL,
  `video_comment_report_time` varchar(30) DEFAULT NULL,
  `video_comment_report_ishandled` tinyint(1) DEFAULT NULL,
  PRIMARY KEY (`video_comment_report_id`),
  KEY `FK_Relationship_17` (`video_comment_id`),
  KEY `FK_Relationship_18` (`ID`),
  CONSTRAINT `FK_Relationship_17` FOREIGN KEY (`video_comment_id`) REFERENCES `video_comment` (`video_comment_id`) ON DELETE RESTRICT ON UPDATE RESTRICT,
  CONSTRAINT `FK_Relationship_18` FOREIGN KEY (`ID`) REFERENCES `user` (`ID`) ON DELETE RESTRICT ON UPDATE RESTRICT
) ENGINE=InnoDB AUTO_INCREMENT=101 DEFAULT CHARSET=utf8;
/*!40101 SET character_set_client = @saved_cs_client */;

--
-- Dumping data for table `video_comment_report`
--

LOCK TABLES `video_comment_report` WRITE;
/*!40000 ALTER TABLE `video_comment_report` DISABLE KEYS */;
INSERT INTO `video_comment_report` VALUES ('23632',1,'ID051',87,'16490',1),('26894',2,'ID027',43,'22985',1),('96759',3,'ID049',91,'39033',1),('60274',4,'ID092',56,'16683',1),('14266',5,'ID092',67,'78972',1),('18518',6,'ID091',81,'85889',1),('30099',7,'ID044',33,'01372',0),('03032',8,'ID027',92,'35609',1),('53044',9,'ID021',39,'42739',1),('62471',10,'ID056',76,'17138',1),('07942',11,'ID023',13,'63879',1),('18335',12,'ID005',17,'06854',0),('48940',13,'ID061',87,'20915',1),('26448',14,'ID007',61,'78141',0),('73307',15,'ID056',14,'68590',1),('75106',16,'ID069',22,'83627',0),('31724',17,'ID068',45,'19130',1),('12901',18,'ID011',62,'65937',1),('14303',19,'ID079',61,'52050',1),('90651',20,'ID025',17,'89468',1),('62360',21,'ID032',32,'35409',1),('08686',22,'ID013',18,'65354',0),('59220',23,'ID065',21,'05383',1),('21902',24,'ID000',28,'71772',1),('65794',25,'ID029',72,'13653',0),('74034',26,'ID082',69,'58209',1),('98336',27,'ID086',100,'83094',1),('11472',28,'ID053',23,'02462',1),('11877',29,'ID039',99,'33603',1),('61040',30,'ID024',70,'80677',0),('92667',31,'ID052',51,'54263',1),('68715',32,'ID027',28,'91648',1),('86607',33,'ID052',22,'07509',1),('43874',34,'ID052',61,'54848',1),('82838',35,'ID004',90,'28884',0),('91804',36,'ID014',68,'16723',0),('23167',37,'ID039',84,'75027',0),('32213',38,'ID076',17,'68367',0),('48577',39,'ID064',32,'96505',0),('65781',40,'ID084',48,'68047',0),('56332',41,'ID027',13,'18423',1),('39810',42,'ID044',4,'82689',1),('72022',43,'ID080',14,'71678',1),('40286',44,'ID042',79,'72232',0),('68667',45,'ID047',100,'65001',0),('58692',46,'ID032',64,'69255',0),('29846',47,'ID082',87,'20429',1),('55749',48,'ID075',59,'75576',1),('95426',49,'ID026',13,'96381',0),('24214',50,'ID086',19,'15379',0),('35266',51,'ID064',86,'88648',1),('65988',52,'ID081',49,'58296',0),('43295',53,'ID020',63,'39914',1),('94669',54,'ID083',94,'02043',1),('91536',55,'ID044',62,'09179',1),('87218',56,'ID093',67,'39073',1),('72048',57,'ID002',13,'03098',0),('78727',58,'ID046',20,'39553',0),('80713',59,'ID068',94,'79727',0),('22606',60,'ID022',82,'60767',1),('24789',61,'ID025',72,'90725',1),('39623',62,'ID031',66,'92331',0),('30360',63,'ID000',80,'16806',0),('39880',64,'ID088',14,'98278',1),('92760',65,'ID080',55,'54271',1),('41231',66,'ID055',35,'40099',1),('85083',67,'ID016',16,'28408',0),('57801',68,'ID060',66,'17429',1),('35087',69,'ID004',69,'21177',1),('82778',70,'ID075',3,'93392',1),('97575',71,'ID047',37,'02278',1),('29313',72,'ID057',5,'02758',0),('28494',73,'ID008',34,'51682',0),('09818',74,'ID014',29,'75631',1),('79295',75,'ID083',20,'18670',1),('87298',76,'ID031',58,'18282',0),('45081',77,'ID063',11,'54799',0),('71639',78,'ID035',93,'46754',1),('43125',79,'ID019',20,'66086',1),('10921',80,'ID007',49,'30786',0),('39410',81,'ID003',52,'35737',1),('19277',82,'ID094',6,'73031',0),('99446',83,'ID076',33,'29803',1),('17765',84,'ID031',91,'94557',1),('68554',85,'ID051',94,'98899',1),('92715',86,'ID070',70,'30432',1),('13206',87,'ID013',26,'02497',1),('13109',88,'ID059',83,'70197',0),('97602',89,'ID056',31,'93349',1),('17934',90,'ID045',31,'28873',1),('69214',91,'ID024',10,'35531',0),('06664',92,'ID063',41,'29034',0),('24713',93,'ID075',95,'60281',1),('59219',94,'ID091',98,'75614',1),('72366',95,'ID060',91,'75335',1),('24024',96,'ID072',3,'70507',1),('73133',97,'ID069',39,'84415',1),('46641',98,'ID065',45,'87209',0),('92530',99,'ID039',26,'00401',0),('61492',100,'ID007',98,'04723',0);
/*!40000 ALTER TABLE `video_comment_report` ENABLE KEYS */;
UNLOCK TABLES;

--
-- Table structure for table `video_praise`
--

DROP TABLE IF EXISTS `video_praise`;
/*!40101 SET @saved_cs_client     = @@character_set_client */;
 SET character_set_client = utf8mb4 ;
CREATE TABLE `video_praise` (
  `video_praise_id` int(11) NOT NULL AUTO_INCREMENT,
  `ID` varchar(40) DEFAULT NULL,
  `video_id` int(11) DEFAULT NULL,
  PRIMARY KEY (`video_praise_id`),
  KEY `FK_Relationship_31` (`ID`),
  KEY `FK_Relationship_32` (`video_id`),
  CONSTRAINT `FK_Relationship_31` FOREIGN KEY (`ID`) REFERENCES `user` (`ID`) ON DELETE RESTRICT ON UPDATE RESTRICT,
  CONSTRAINT `FK_Relationship_32` FOREIGN KEY (`video_id`) REFERENCES `video` (`video_id`) ON DELETE RESTRICT ON UPDATE RESTRICT
) ENGINE=InnoDB AUTO_INCREMENT=101 DEFAULT CHARSET=utf8;
/*!40101 SET character_set_client = @saved_cs_client */;

--
-- Dumping data for table `video_praise`
--

LOCK TABLES `video_praise` WRITE;
/*!40000 ALTER TABLE `video_praise` DISABLE KEYS */;
INSERT INTO `video_praise` VALUES (1,'ID026',94),(2,'ID037',85),(3,'ID060',86),(4,'ID050',54),(5,'ID000',8),(6,'ID094',81),(7,'ID011',63),(8,'ID046',18),(9,'ID015',53),(10,'ID005',36),(11,'ID065',3),(12,'ID078',62),(13,'ID063',85),(14,'ID024',65),(15,'ID027',54),(16,'ID073',86),(17,'ID080',53),(18,'ID059',26),(19,'ID008',89),(20,'ID022',18),(21,'ID041',48),(22,'ID005',95),(23,'ID039',78),(24,'ID022',2),(25,'ID094',5),(26,'ID018',28),(27,'ID088',90),(28,'ID011',1),(29,'ID049',53),(30,'ID009',35),(31,'ID081',24),(32,'ID084',25),(33,'ID018',28),(34,'ID045',91),(35,'ID071',33),(36,'ID064',86),(37,'ID014',27),(38,'ID061',30),(39,'ID050',93),(40,'ID007',87),(41,'ID069',14),(42,'ID078',38),(43,'ID082',25),(44,'ID005',49),(45,'ID092',85),(46,'ID043',64),(47,'ID093',86),(48,'ID090',22),(49,'ID073',68),(50,'ID027',16),(51,'ID018',73),(52,'ID014',86),(53,'ID008',99),(54,'ID056',56),(55,'ID002',28),(56,'ID018',48),(57,'ID026',29),(58,'ID060',18),(59,'ID045',59),(60,'ID088',51),(61,'ID038',49),(62,'ID082',52),(63,'ID071',52),(64,'ID001',26),(65,'ID020',71),(66,'ID054',31),(67,'ID067',55),(68,'ID006',64),(69,'ID061',26),(70,'ID041',8),(71,'ID018',72),(72,'ID050',17),(73,'ID050',20),(74,'ID094',13),(75,'ID066',43),(76,'ID047',94),(77,'ID078',22),(78,'ID073',31),(79,'ID079',77),(80,'ID045',79),(81,'ID066',59),(82,'ID079',83),(83,'ID068',69),(84,'ID093',84),(85,'ID040',11),(86,'ID059',19),(87,'ID005',34),(88,'ID073',33),(89,'ID029',56),(90,'ID091',65),(91,'ID050',32),(92,'ID036',94),(93,'ID050',58),(94,'ID039',25),(95,'ID016',58),(96,'ID065',8),(97,'ID018',72),(98,'ID094',10),(99,'ID015',6),(100,'ID019',70);
/*!40000 ALTER TABLE `video_praise` ENABLE KEYS */;
UNLOCK TABLES;

--
-- Table structure for table `video_report`
--

DROP TABLE IF EXISTS `video_report`;
/*!40101 SET @saved_cs_client     = @@character_set_client */;
 SET character_set_client = utf8mb4 ;
CREATE TABLE `video_report` (
  `video_report_reason` varchar(300) DEFAULT NULL,
  `video_report_id` int(11) NOT NULL AUTO_INCREMENT,
  `ID` varchar(40) DEFAULT NULL,
  `video_id` int(11) DEFAULT NULL,
  `video_report_time` varchar(30) DEFAULT NULL,
  `video_report_ishandled` tinyint(1) DEFAULT NULL,
  PRIMARY KEY (`video_report_id`),
  KEY `FK_Relationship_8` (`video_id`),
  KEY `FK_Relationship_9` (`ID`),
  CONSTRAINT `FK_Relationship_8` FOREIGN KEY (`video_id`) REFERENCES `video` (`video_id`) ON DELETE RESTRICT ON UPDATE RESTRICT,
  CONSTRAINT `FK_Relationship_9` FOREIGN KEY (`ID`) REFERENCES `user` (`ID`) ON DELETE RESTRICT ON UPDATE RESTRICT
) ENGINE=InnoDB AUTO_INCREMENT=101 DEFAULT CHARSET=utf8;
/*!40101 SET character_set_client = @saved_cs_client */;

--
-- Dumping data for table `video_report`
--

LOCK TABLES `video_report` WRITE;
/*!40000 ALTER TABLE `video_report` DISABLE KEYS */;
INSERT INTO `video_report` VALUES ('74429',1,'ID045',89,'93282',1),('66594',2,'ID051',91,'52161',1),('23597',3,'ID043',45,'51828',0),('83824',4,'ID092',4,'52295',0),('04929',5,'ID017',25,'20614',1),('78043',6,'ID078',24,'44340',0),('52640',7,'ID077',1,'71744',0),('05453',8,'ID008',76,'40757',1),('65292',9,'ID025',95,'85275',0),('71386',10,'ID062',73,'23900',0),('97924',11,'ID028',2,'49685',1),('66557',12,'ID076',68,'27428',0),('36634',13,'ID041',39,'57344',1),('32769',14,'ID017',90,'14837',1),('85395',15,'ID046',57,'36451',1),('30059',16,'ID021',30,'63112',1),('95643',17,'ID036',89,'44797',1),('35204',18,'ID007',6,'51007',0),('84687',19,'ID001',46,'06291',1),('40195',20,'ID072',55,'05334',0),('39349',21,'ID025',41,'23605',0),('13806',22,'ID054',51,'98252',0),('97830',23,'ID028',87,'61561',0),('20608',24,'ID064',52,'80121',0),('66828',25,'ID018',62,'80536',0),('90770',26,'ID053',20,'12814',0),('49148',27,'ID018',84,'30418',0),('27153',28,'ID044',66,'30357',0),('78659',29,'ID023',71,'92535',1),('24598',30,'ID074',39,'67756',0),('35904',31,'ID057',12,'55275',0),('41147',32,'ID004',29,'79101',1),('38445',33,'ID072',31,'11720',0),('99816',34,'ID094',92,'06795',1),('87380',35,'ID094',28,'13284',1),('12905',36,'ID026',71,'12044',1),('00237',37,'ID069',66,'45674',0),('65364',38,'ID013',75,'18921',0),('05625',39,'ID047',63,'12070',1),('01238',40,'ID078',6,'99942',1),('19035',41,'ID014',92,'88471',1),('81552',42,'ID057',9,'40798',1),('43712',43,'ID017',79,'47045',1),('28034',44,'ID012',68,'41019',1),('50922',45,'ID085',86,'21618',0),('96626',46,'ID019',8,'64936',1),('83470',47,'ID073',61,'15337',1),('43058',48,'ID044',97,'12553',1),('06636',49,'ID032',31,'37700',1),('72649',50,'ID064',81,'32069',1),('67112',51,'ID029',63,'96148',0),('44986',52,'ID008',63,'11063',0),('75742',53,'ID012',95,'13047',1),('27922',54,'ID038',86,'36153',1),('88491',55,'ID068',61,'59411',0),('28744',56,'ID003',17,'54110',0),('40467',57,'ID002',5,'04193',1),('48506',58,'ID094',53,'70764',1),('54193',59,'ID003',68,'62064',0),('98659',60,'ID021',37,'85599',0),('28772',61,'ID074',1,'35130',1),('63234',62,'ID096',86,'78806',1),('84007',63,'ID027',92,'82477',0),('09368',64,'ID017',34,'63974',0),('25842',65,'ID056',100,'08488',1),('62900',66,'ID009',38,'97560',0),('24517',67,'ID093',45,'02389',1),('24541',68,'ID028',82,'10082',0),('85811',69,'ID042',75,'64583',0),('38674',70,'ID070',18,'91263',1),('71180',71,'ID057',39,'46935',1),('97624',72,'ID010',53,'38863',0),('01396',73,'ID004',45,'48727',1),('12887',74,'ID018',9,'21380',1),('46800',75,'ID065',30,'55567',0),('42845',76,'ID047',90,'29616',1),('90234',77,'ID061',5,'57499',1),('31210',78,'ID067',24,'68766',0),('58780',79,'ID032',61,'40753',0),('50335',80,'ID047',69,'41871',1),('86509',81,'ID029',14,'74023',1),('49462',82,'ID088',80,'07511',1),('58489',83,'ID048',46,'69213',1),('19253',84,'ID014',10,'80627',0),('54140',85,'ID009',44,'21449',1),('91579',86,'ID032',24,'34522',1),('04066',87,'ID006',23,'50666',1),('92554',88,'ID058',90,'84465',1),('48735',89,'ID053',93,'97916',0),('62175',90,'ID013',31,'47521',0),('13776',91,'ID057',23,'67289',0),('80089',92,'ID029',86,'76109',0),('61166',93,'ID045',5,'20043',0),('47536',94,'ID034',69,'25262',0),('87991',95,'ID023',6,'14549',0),('99341',96,'ID078',41,'77435',1),('30589',97,'ID007',9,'16300',0),('78491',98,'ID095',35,'03146',0),('72647',99,'ID003',46,'88447',1),('67914',100,'ID031',18,'36507',0);
/*!40000 ALTER TABLE `video_report` ENABLE KEYS */;
UNLOCK TABLES;
/*!40103 SET TIME_ZONE=@OLD_TIME_ZONE */;

/*!40101 SET SQL_MODE=@OLD_SQL_MODE */;
/*!40014 SET FOREIGN_KEY_CHECKS=@OLD_FOREIGN_KEY_CHECKS */;
/*!40014 SET UNIQUE_CHECKS=@OLD_UNIQUE_CHECKS */;
/*!40101 SET CHARACTER_SET_CLIENT=@OLD_CHARACTER_SET_CLIENT */;
/*!40101 SET CHARACTER_SET_RESULTS=@OLD_CHARACTER_SET_RESULTS */;
/*!40101 SET COLLATION_CONNECTION=@OLD_COLLATION_CONNECTION */;
/*!40111 SET SQL_NOTES=@OLD_SQL_NOTES */;

-- Dump completed on 2019-09-06 22:14:17
